id,date,price,coin,version,lag_1,lag_2,lag_3,lag_7,lag_14,rolling_mean_3,rolling_std_3,rolling_mean_7,rolling_std_7,rolling_max_7,rolling_min_7,price_diff,pct_change_1,pct_change_7,day_of_week,day_of_month,month,is_weekend,exp_moving_avg_10,volatility_10,target
1,2024-07-01,3435.32,ethereum,1,,,,,,,,,,,,,,,0,1,7,0,3435.32,,3438.01
2,2024-07-02,3438.01,ethereum,1,3435.32,,,,,,,,,,,2.6900000000000546,0.0007830420455736675,,1,2,7,0,3435.8090909090906,,3417.9
3,2024-07-03,3417.9,ethereum,1,3438.01,3435.32,,,,3430.41,10.917147063221112,,,,,-20.110000000000127,-0.005849313992687621,,2,3,7,0,3432.5528925619833,,3295.81
4,2024-07-04,3295.81,ethereum,1,3417.9,3438.01,3435.32,,,3383.906666666667,76.95368758762206,,,,,-122.09000000000015,-0.035720764211943035,,3,4,7,0,3407.6905484598046,,3069.04
5,2024-07-05,3069.04,ethereum,1,3295.81,3417.9,3438.01,,,3260.9166666666665,177.02819954270933,,,,,-226.76999999999998,-0.06880554400890826,,4,5,7,0,3346.1177214671125,,2984.4
6,2024-07-06,2984.4,ethereum,1,3069.04,3295.81,3417.9,,,3116.4166666666665,161.0200559971745,,,,,-84.63999999999987,-0.027578656517999067,,5,6,7,1,3280.350863018546,,3066.25
7,2024-07-07,3066.25,ethereum,1,2984.4,3069.04,3295.81,,,3039.896666666667,48.08176404140337,3243.8185714285714,198.64822437570143,3438.01,2984.4,81.84999999999991,0.027425948264307776,,6,7,7,1,3241.4234333788104,,2928.6
8,2024-07-08,2928.6,ethereum,1,3066.25,2984.4,3069.04,3435.32,,2993.0833333333335,69.23460719418557,3171.4300000000003,209.27490532789633,3438.01,2928.6,-137.6500000000001,-0.044891969017529565,-0.14750299826508162,0,8,7,0,3184.5464454917537,,3016.08
9,2024-07-09,3016.08,ethereum,1,2928.6,3066.25,2984.4,3438.01,,3003.6433333333334,69.66264159026117,3111.1542857142854,178.14437495630156,3417.9,2928.6,87.48000000000002,0.029870928088506554,-0.12272506479038758,1,9,7,0,3153.916182675071,,3064.09
10,2024-07-10,3064.09,ethereum,1,3016.08,2928.6,3066.25,3417.9,,3002.9233333333336,68.69649505857782,3060.61,115.93931602351269,3295.81,2928.6,48.01000000000022,0.015918012784806868,-0.10351677930893233,2,10,7,0,3137.5841494614215,202.22902368903982,3099.71
11,2024-07-11,3099.71,ethereum,1,3064.09,3016.08,2928.6,3295.81,,3059.9599999999996,41.96768876171244,3032.595714285714,59.67651488292014,3099.71,2928.6,35.61999999999989,0.011624984905795888,-0.05949978912619358,3,11,7,0,3130.6979404684353,180.24433037469512,3102.09
12,2024-07-12,3102.09,ethereum,1,3099.71,3064.09,3016.08,3069.04,,3088.6299999999997,21.285553786547123,3037.3171428571427,64.17806627249026,3102.09,2928.6,2.380000000000109,0.0007678137632229909,0.010768839767484328,4,12,7,0,3125.4964967469014,146.2053657664072,3132.98
13,2024-07-13,3132.98,ethereum,1,3102.09,3099.71,3064.09,2984.4,,3111.593333333333,18.559586022682318,3058.5428571428574,68.20360051939684,3132.98,2928.6,30.889999999999873,0.00995780264273427,0.04978555153464681,5,13,7,1,3126.85713370201,98.20556504371636,3173.5
14,2024-07-14,3173.5,ethereum,1,3132.98,3102.09,3099.71,3066.25,,3136.19,35.813057674541206,3073.8642857142863,81.05852635742913,3173.5,2928.6,40.51999999999998,0.0129333733378445,0.034977578475336335,6,14,7,1,3135.3376548470987,71.85602769117997,3252.65
15,2024-07-15,3252.65,ethereum,1,3173.5,3132.98,3102.09,2928.6,3435.32,3186.376666666667,60.86529087528768,3120.157142857143,76.68585999915129,3252.65,3016.08,79.15000000000009,0.02494091696864653,0.11065013999863416,0,15,7,0,3156.667172147626,93.56012318290323,3488.54
16,2024-07-16,3488.54,ethereum,1,3252.65,3173.5,3132.98,3016.08,3438.01,3304.896666666667,163.88970691697943,3187.651428571429,146.21323143826228,3488.54,3064.09,235.88999999999987,0.07252240480838701,0.15664703854009177,1,16,7,0,3217.0076863026025,152.41736474780873,3446.77
17,2024-07-17,3446.77,ethereum,1,3488.54,3252.65,3173.5,3064.09,3417.9,3395.986666666666,125.87785044769969,3242.32,162.90298380733563,3488.54,3099.71,-41.76999999999998,-0.011973490342664816,0.12489189286215474,2,17,7,0,3258.7826524294014,179.20048179808697,3389.44
18,2024-07-18,3389.44,ethereum,1,3446.77,3488.54,3252.65,3099.71,3295.81,3441.5833333333335,49.753177117983704,3283.71,157.34201091888863,3488.54,3102.09,-57.32999999999993,-0.016632963615210716,0.09347003429353062,3,18,7,0,3282.538533805874,169.0483676512592,3428.55
19,2024-07-19,3428.55,ethereum,1,3389.44,3446.77,3488.54,3102.09,3069.04,3421.5866666666666,29.292460349609456,3330.347142857143,142.18924592648523,3488.54,3132.98,39.11000000000013,0.011538779267371568,0.10523872614914453,4,19,7,0,3309.086073113897,164.96124513216793,3505.22
20,2024-07-20,3505.22,ethereum,1,3428.55,3389.44,3446.77,3132.98,2984.4,3441.0699999999997,58.896645914687774,3383.5242857142853,124.59183853114536,3505.22,3173.5,76.66999999999962,0.022362223097227574,0.11881339810659486,5,20,7,1,3344.746787093188,166.37147319911537,3522.8
21,2024-07-21,3522.8,ethereum,1,3505.22,3428.55,3389.44,3173.5,3066.25,3485.523333333333,50.11720895394617,3433.4242857142854,92.19202005544895,3522.8,3252.65,17.580000000000382,0.005015377066204252,0.11006774854261869,6,21,7,1,3377.1200985307896,162.99032856106487,3533.12
22,2024-07-22,3533.12,ethereum,1,3522.8,3505.22,3428.55,3252.65,2928.6,3520.3799999999997,14.106551669356255,3473.491428571429,53.257977314376014,3533.12,3389.44,10.319999999999709,0.002929487907346262,0.08622815242955739,0,22,7,0,3405.483716979737,148.1519122050045,3443.07
23,2024-07-23,3443.07,ethereum,1,3533.12,3522.8,3505.22,3488.54,3016.08,3499.6633333333334,49.282143148746236,3466.9957142857143,53.885861737914475,3533.12,3389.44,-90.04999999999973,-0.02548738791776095,-0.013034105958366515,1,23,7,0,3412.3175866197844,118.4725009067945,3482.98
24,2024-07-24,3482.98,ethereum,1,3443.07,3533.12,3522.8,3446.77,3064.09,3486.39,45.12174309576437,3472.1685714285713,53.35607632643091,3533.12,3389.44,39.909999999999854,0.011591399535879177,0.010505487746498954,2,24,7,0,3425.16529814346,82.29987528004138,3336.38
25,2024-07-25,3336.38,ethereum,1,3482.98,3443.07,3533.12,3389.44,3099.71,3420.81,75.79261639500281,3464.588571428572,68.64589097403125,3533.12,3336.38,-146.5999999999999,-0.04209039385813296,-0.015654503398791486,3,25,7,0,3409.0225166628306,61.766327944738805,3173.76
26,2024-07-26,3173.76,ethereum,1,3336.38,3482.98,3443.07,3428.55,3102.09,3331.0400000000004,154.6791479159356,3428.19,130.56418434368916,3533.12,3173.76,-162.6199999999999,-0.04874145031441257,-0.07431421446384034,4,26,7,0,3366.247513633225,107.54311915071999,3278.19
27,2024-07-27,3278.19,ethereum,1,3173.76,3336.38,3482.98,3505.22,3132.98,3262.7766666666666,82.39838732240521,3395.7571428571428,136.31164351273296,3533.12,3173.76,104.42999999999984,0.032904189352692015,-0.06476911577589983,5,27,7,1,3350.237056609002,116.7783514421867,3254.61
28,2024-07-28,3254.61,ethereum,1,3278.19,3173.76,3336.38,3522.8,3173.5,3235.5200000000004,54.76976629491616,3357.444285714286,132.2829594539838,3533.12,3173.76,-23.579999999999927,-0.007192993694691285,-0.07612978312705798,6,28,7,1,3332.8503190437286,126.69520141750257,3272.85
29,2024-07-29,3272.85,ethereum,1,3254.61,3278.19,3173.76,3533.12,3252.65,3268.5499999999997,12.364125525074623,3320.2628571428572,109.24720770104753,3482.98,3173.76,18.23999999999978,0.005604358125858244,-0.07366576849923012,0,29,7,0,3321.9411701266868,131.70089544958137,3316.94
30,2024-07-30,3316.94,ethereum,1,3272.85,3254.61,3278.19,3443.07,3488.54,3281.4666666666667,32.04594254087672,3302.2442857142855,95.10211964990268,3482.98,3173.76,44.090000000000146,0.013471439265472007,-0.03663300484741816,1,30,7,0,3321.031866467289,125.15320699934772,3276.98
31,2024-07-31,3276.98,ethereum,1,3316.94,3272.85,3254.61,3482.98,3446.77,3288.9233333333336,24.350861038846137,3272.815714285714,51.924751598549676,3336.38,3173.76,-39.960000000000036,-0.012047248367471286,-0.05914475535317454,2,31,7,0,3313.022436200509,113.54801772328855,3233.08
32,2024-08-01,3233.08,ethereum,1,3276.98,3316.94,3272.85,3336.38,3389.44,3275.6666666666665,41.94542327040165,3258.058571428572,45.076184927505885,3316.94,3173.76,-43.90000000000009,-0.01339648090620027,-0.030961701005281173,3,1,8,0,3298.4874478004167,93.87052184317767,3204.25
33,2024-08-02,3204.25,ethereum,1,3233.08,3276.98,3316.94,3173.76,3428.55,3238.103333333333,36.62429020927265,3262.414285714286,36.165089454303335,3316.94,3204.25,-28.829999999999927,-0.008917193512068988,0.0096069015930631,4,2,8,0,3281.353366382159,85.36762719750804,2983.3
34,2024-08-03,2983.3,ethereum,1,3204.25,3233.08,3276.98,3278.19,3505.22,3140.2100000000005,136.65047859410987,3220.287142857143,110.3634301922933,3316.94,2983.3,-220.94999999999982,-0.06895529375048759,-0.0899551276771633,5,3,8,1,3227.1618452217663,100.25011168738267,2906.72
35,2024-08-04,2906.72,ethereum,1,2983.3,3204.25,3233.08,3254.61,3522.8,3031.4233333333336,154.49244846701143,3170.588571428572,159.65440743770716,3316.94,2906.72,-76.58000000000038,-0.02566956055374936,-0.10689145550465351,6,4,8,1,3168.899691545081,136.54076451130896,2682.44
36,2024-08-05,2682.44,ethereum,1,2906.72,2983.3,3204.25,3272.85,3533.12,2857.486666666667,156.35576654965848,3086.2442857142855,234.86559886150022,3316.94,2682.44,-224.27999999999975,-0.0771591346947762,-0.18039629069465446,0,5,8,0,3080.4524749005204,211.10058809328964,2415.63
37,2024-08-06,2415.63,ethereum,1,2682.44,2906.72,2983.3,3316.94,3443.07,2668.263333333333,245.85174482466093,2957.4857142857145,319.22372425709705,3276.98,2415.63,-266.80999999999995,-0.09946541208750237,-0.2717293650171544,1,6,8,0,2959.5756612822443,304.39380238981994,2455.51
38,2024-08-07,2455.51,ethereum,1,2415.63,2682.44,2906.72,3276.98,3482.98,2517.86,143.91850436964685,2840.132857142857,332.89735263362473,3233.08,2415.63,39.88000000000011,0.016509150821938823,-0.2506789788158609,2,7,8,0,2867.927359230927,347.8628218453672,2341.59
39,2024-08-08,2341.59,ethereum,1,2455.51,2415.63,2682.44,3233.08,3336.38,2404.2433333333333,57.807298270450154,2712.7771428571427,328.00535105971846,3204.25,2341.59,-113.92000000000007,-0.04639362087712939,-0.27574016108478594,3,8,8,0,2772.2296575525766,382.1601747725968,2685.01
40,2024-08-09,2685.01,ethereum,1,2341.59,2455.51,2415.63,3204.25,3173.76,2494.036666666667,174.9215599442484,2638.6,247.06098005688048,2983.3,2341.59,343.4200000000001,0.14666102947142745,-0.16204728095498155,4,9,8,0,2756.371537997563,353.3437675330415,2602.18
41,2024-08-10,2602.18,ethereum,1,2685.01,2341.59,2455.51,2983.3,3278.19,2542.9266666666667,179.21367758441187,2584.154285714286,194.9327845572357,2906.72,2341.59,-82.83000000000038,-0.03084904711714309,-0.1277511480575203,5,10,8,1,2728.3367129070966,318.79201859693865,2608.04
42,2024-08-11,2608.04,ethereum,1,2602.18,2685.01,2341.59,2906.72,3254.61,2631.7433333333333,46.22324343152503,2541.4857142857145,136.48588533338406,2685.01,2341.59,5.860000000000127,0.002251957973699037,-0.1027549953211867,6,11,8,1,2706.464583287624,271.53633741074947,2558.79
43,2024-08-12,2558.79,ethereum,1,2608.04,2602.18,2685.01,2682.44,3272.85,2589.6699999999996,26.902893896315742,2523.8214285714284,122.48640746746254,2685.01,2341.59,-49.25,-0.018883912823422944,-0.04609609161807915,0,12,8,0,2679.61465905351,203.4999325388915,2726.78
44,2024-08-13,2726.78,ethereum,1,2558.79,2608.04,2602.18,2415.63,3316.94,2631.2033333333334,86.35719445031812,2568.2714285714287,132.71127751985517,2726.78,2341.59,167.99000000000024,0.06565212463703562,0.12880697788982598,1,13,8,0,2688.1901755892354,165.85015328100678,2703.55
45,2024-08-14,2703.55,ethereum,1,2726.78,2558.79,2608.04,2455.51,3276.98,2663.0400000000004,91.02722175259962,2603.7057142857147,130.68392592525606,2726.78,2341.59,-23.230000000000018,-0.008519205803181773,0.10101363871456437,2,14,8,0,2690.982870936647,133.07087700419973,2662.78
46,2024-08-15,2662.78,ethereum,1,2703.55,2726.78,2558.79,2341.59,3233.08,2697.7033333333334,32.39811157043747,2649.59,61.260755246186505,2726.78,2558.79,-40.76999999999998,-0.015080172365963262,0.1371674802164342,3,15,8,0,2685.855076220893,131.4914955593883,2569.86
47,2024-08-16,2569.86,ethereum,1,2662.78,2703.55,2726.78,2685.01,3204.25,2645.396666666667,68.51926176871814,2633.14,65.47946217453575,2726.78,2558.79,-92.92000000000007,-0.03489586071699502,-0.04288624623371984,4,16,8,0,2664.7650623625486,119.0494353386214,2592.25
48,2024-08-17,2592.25,ethereum,1,2569.86,2662.78,2703.55,2602.18,2983.3,2608.296666666667,48.49384737603133,2631.7214285714285,66.36357420266157,2726.78,2558.79,22.389999999999873,0.00871253686971274,-0.003816031173861867,5,17,8,1,2651.580505569358,109.14684237810658,2613.14
49,2024-08-18,2613.14,ethereum,1,2592.25,2569.86,2662.78,2608.04,2906.72,2591.75,21.644331821433777,2632.4500000000003,66.08767862972988,2726.78,2558.79,20.889999999999873,0.008058636319799417,0.0019554914801920287,6,18,8,1,2644.5913227385654,58.19480003497902,2614.6
50,2024-08-19,2614.6,ethereum,1,2613.14,2592.25,2569.86,2558.79,2682.44,2606.6633333333334,12.503640802973585,2640.422857142857,58.67047716250482,2726.78,2569.86,1.4600000000000364,0.0005587148028809441,0.021811090398196065,0,19,8,0,2639.138354967917,55.287301143914306,2640.59
51,2024-08-20,2640.59,ethereum,1,2614.6,2613.14,2592.25,2726.78,2415.63,2622.7766666666666,15.44406142599507,2628.11,44.97142796635557,2703.55,2569.86,25.990000000000236,0.009940335041689119,-0.03160871064038906,1,20,8,0,2639.4022904282956,54.84300862968442,2575.64
52,2024-08-21,2575.64,ethereum,1,2640.59,2614.6,2613.14,2703.55,2455.51,2610.2766666666666,32.690121341619815,2609.837142857143,33.81124601582437,2662.78,2569.86,-64.95000000000027,-0.024596775720577724,-0.04731186772946694,2,21,8,0,2627.8091467140603,57.13070273990723,2630.3
53,2024-08-22,2630.3,ethereum,1,2575.64,2640.59,2614.6,2662.78,2341.59,2615.5099999999998,34.90965052813521,2605.197142857143,26.846096373140075,2640.59,2569.86,54.66000000000031,0.02122190989424011,-0.012197778261816561,3,22,8,0,2628.2620291296857,52.06201717396574,2623.29
54,2024-08-23,2623.29,ethereum,1,2630.3,2575.64,2640.59,2569.86,2685.01,2609.7433333333333,29.741604417546544,2612.8299999999995,22.34237975984396,2640.59,2575.64,-7.010000000000218,-0.0026650952362848868,0.02079101585300358,4,23,8,0,2627.3580238333793,40.29351257405645,2763.26
55,2024-08-24,2763.26,ethereum,1,2623.29,2630.3,2575.64,2592.25,2602.18,2672.2833333333333,78.86602838567619,2637.2599999999998,59.19313839739497,2763.26,2575.64,139.97000000000025,0.05335666281653961,0.0659697174269458,5,24,8,1,2652.067474045492,55.264926681496654,2767.84
56,2024-08-25,2767.84,ethereum,1,2763.26,2623.29,2630.3,2613.14,2608.04,2718.13,82.16576720263302,2659.36,75.35854054673038,2767.84,2575.64,4.579999999999927,0.0016574625623357875,0.05920080822305751,6,25,8,1,2673.1170242190387,70.40339907356176,2745.16
57,2024-08-26,2745.16,ethereum,1,2767.84,2763.26,2623.29,2614.6,2558.79,2758.7533333333336,11.992836750781017,2678.011428571429,78.52442261881932,2767.84,2575.64,-22.68000000000029,-0.00819411526677849,0.04993498049414824,0,26,8,0,2686.215747088304,73.02917849888698,2683.08
58,2024-08-27,2683.08,ethereum,1,2745.16,2767.84,2763.26,2640.59,2726.78,2732.0266666666666,43.879696139908454,2684.0814285714287,76.77230673199996,2767.84,2575.64,-62.07999999999993,-0.022614346704745825,0.016091100852460904,1,27,8,0,2685.645611254067,69.70838910139277,2457.28
59,2024-08-28,2457.28,ethereum,1,2683.08,2745.16,2767.84,2575.64,2703.55,2628.5066666666667,151.50052849191619,2667.172857142857,110.3343166191252,2767.84,2457.28,-225.79999999999973,-0.08415701358140637,-0.04595362705968209,2,28,8,0,2644.1245910260545,95.43894339081731,2527.03
60,2024-08-29,2527.03,ethereum,1,2457.28,2683.08,2745.16,2630.3,2662.78,2555.7966666666666,115.6159627098673,2652.4200000000005,122.33754792921567,2767.84,2457.28,69.75,0.028385043625472006,-0.03926168117705209,3,29,8,0,2622.8346653849535,102.79275385724253,2526.74
61,2024-08-30,2526.74,ethereum,1,2527.03,2457.28,2683.08,2623.29,2569.86,2503.6833333333334,40.186727079087554,2638.6271428571426,131.28471537264338,2767.84,2457.28,-0.29000000000041837,-0.00011475922327808252,-0.03680492816272707,4,30,8,0,2605.3629080422347,109.0031403013495,2527.69
62,2024-08-31,2527.69,ethereum,1,2526.74,2527.03,2457.28,2763.26,2592.25,2527.1533333333336,0.4868606877110214,2604.9742857142855,124.00279296009623,2767.84,2457.28,0.9500000000002728,0.000375978533604604,-0.08525075454354647,5,31,8,1,2591.2405611254644,112.65183502475486,2513.36
63,2024-09-01,2513.36,ethereum,1,2527.69,2526.74,2527.03,2767.84,2613.14,2522.596666666667,8.013278563060599,2568.62,103.98449708169474,2745.16,2457.28,-14.329999999999927,-0.005669207853811198,-0.09194173073588063,6,1,9,1,2577.0804591026526,118.00229969981355,2430.02
64,2024-09-02,2430.02,ethereum,1,2513.36,2527.69,2526.74,2745.16,2614.6,2490.3566666666666,52.7420347856339,2523.6,80.34575222125652,2683.08,2430.02,-83.34000000000015,-0.033158799376133974,-0.11479840883591486,0,2,9,0,2550.342193811261,131.29448877322483,2534.9
65,2024-09-03,2534.9,ethereum,1,2430.02,2513.36,2527.69,2683.08,2640.59,2492.7599999999998,55.391548091705324,2502.4314285714286,41.41195496816367,2534.9,2430.02,104.88000000000011,0.04316013859968226,-0.05522757428030467,1,3,9,0,2547.5345222092137,117.77563396371875,2437.15
66,2024-09-04,2437.15,ethereum,1,2534.9,2430.02,2513.36,2457.28,2575.64,2467.3566666666666,58.602778375507725,2499.555714285714,45.56099459593613,2534.9,2430.02,-97.75,-0.03856167896169471,-0.00819198463341586,2,4,9,0,2527.4646090802653,101.80546628524397,2448.31
67,2024-09-05,2448.31,ethereum,1,2437.15,2534.9,2430.02,2527.03,2630.3,2473.4533333333334,53.5061308013288,2488.3100000000004,47.33013416418186,2534.9,2430.02,11.159999999999854,0.004579119052992242,-0.031151193298061486,3,5,9,0,2513.0728619747624,74.34102848061788,2367.77
68,2024-09-06,2367.77,ethereum,1,2448.31,2437.15,2534.9,2526.74,2623.29,2417.7433333333333,43.636417512538046,2465.6,61.757142097083666,2534.9,2367.77,-80.53999999999996,-0.032896161025360304,-0.06291506051275553,4,6,9,0,2486.654159797533,56.92034224345191,2223.78
69,2024-09-07,2223.78,ethereum,1,2367.77,2448.31,2437.15,2527.69,2763.26,2346.6200000000003,113.74938285544522,2422.184285714286,103.53014228669835,2534.9,2223.78,-143.98999999999978,-0.060812494456809474,-0.12023230696802212,5,7,9,1,2438.858858016163,98.57330506898343,2272.7
70,2024-09-08,2272.7,ethereum,1,2223.78,2367.77,2448.31,2513.36,2767.84,2288.0833333333335,73.21724682974347,2387.804285714286,108.06602316132447,2534.9,2223.78,48.91999999999962,0.021998578996123452,-0.09575229971034804,6,8,9,1,2408.6481565586787,109.72333285739217,2296.4
71,2024-09-09,2296.4,ethereum,1,2272.7,2223.78,2367.77,2430.02,2745.16,2264.293333333333,37.03269006333999,2368.715714285714,111.12422041078113,2534.9,2223.78,23.700000000000273,0.010428125137501798,-0.05498720175142591,0,9,9,0,2388.239400820737,110.91923656427151,2359.57
72,2024-09-10,2359.57,ethereum,1,2296.4,2272.7,2223.78,2534.9,2683.08,2309.556666666667,44.90459479082036,2343.6685714285713,83.83164267915039,2448.31,2223.78,63.17000000000007,0.02750827381989196,-0.06916643654582033,1,10,9,0,2383.0267824896937,102.7306330166464,2389.47
73,2024-09-11,2389.47,ethereum,1,2359.57,2296.4,2272.7,2437.15,2457.28,2348.48,47.51575843859305,2336.8571428571427,76.59491969973294,2448.31,2223.78,29.899999999999636,0.012671800370406272,-0.019563834807049374,2,11,9,0,2384.1982765824764,92.99493750259757,2342.96
74,2024-09-12,2342.96,ethereum,1,2389.47,2359.57,2296.4,2448.31,2527.03,2364.0,23.56933813230356,2321.807142857143,59.48484168656052,2389.47,2223.78,-46.50999999999976,-0.019464567456381476,-0.0430296816988045,3,12,9,0,2376.7004081129353,91.43867482879108,2362.3
75,2024-09-13,2362.3,ethereum,1,2342.96,2389.47,2359.57,2367.77,2526.74,2364.91,23.36459073030954,2321.0257142857145,58.812542839406916,2389.47,2223.78,19.340000000000146,0.008254515655410355,-0.002310190601283013,4,13,9,0,2374.0821520924014,70.08391041380253,2445.09
76,2024-09-14,2445.09,ethereum,1,2362.3,2342.96,2389.47,2223.78,2527.69,2383.4500000000003,54.25058617190277,2352.6414285714286,57.28850304338094,2445.09,2272.7,82.78999999999996,0.0350463531304237,0.09951973666459812,5,14,9,1,2386.992669893783,71.21627517640198,2418.08
77,2024-09-15,2418.08,ethereum,1,2445.09,2362.3,2342.96,2272.7,2513.36,2408.49,42.21992539068808,2373.41,49.26810191864322,2445.09,2296.4,-27.01000000000022,-0.011046628140477521,0.06396796761561152,6,15,9,1,2392.644911731277,67.1440820259845,2322.64
78,2024-09-16,2322.64,ethereum,1,2418.08,2445.09,2362.3,2296.4,2430.02,2395.27,64.33290526624116,2377.1585714285716,43.03635185458389,2445.09,2322.64,-95.44000000000005,-0.03946933103950245,0.01142658073506353,0,16,9,0,2379.916745961954,67.17025291501966,2295.13
79,2024-09-17,2295.13,ethereum,1,2322.64,2418.08,2445.09,2359.57,2534.9,2345.2833333333333,64.52686288150069,2367.952857142857,53.13328828341655,2445.09,2295.13,-27.509999999999764,-0.011844280646161165,-0.027310060731404517,1,17,9,0,2364.500973968871,55.90961439880658,2341.09
80,2024-09-18,2341.09,ethereum,1,2295.13,2322.64,2418.08,2389.47,2437.15,2319.6200000000003,23.12835272980814,2361.0414285714287,53.01435133638958,2445.09,2295.13,45.960000000000036,0.020025009476587474,-0.02024716778197666,2,18,9,0,2360.2444332472583,49.11435772200863,2361.96
81,2024-09-19,2361.96,ethereum,1,2341.09,2295.13,2322.64,2342.96,2448.31,2332.726666666667,34.190952506882425,2363.7557142857145,52.417336463272086,2445.09,2295.13,20.86999999999989,0.008914650867758223,0.008109400075118733,3,19,9,0,2360.5563544750294,44.21741196759563,2465.23
82,2024-09-20,2465.23,ethereum,1,2361.96,2341.09,2295.13,2362.3,2367.77,2389.4266666666667,66.47178524252563,2378.46,64.89332579959574,2465.23,2295.13,103.26999999999998,0.04372216294941489,0.043571942598315205,4,20,9,0,2379.58792638866,54.5122166226253,2557.62
83,2024-09-21,2557.62,ethereum,1,2465.23,2361.96,2341.09,2445.09,2223.78,2461.603333333333,97.88040372479631,2394.535714285714,92.30078635582652,2557.62,2295.13,92.38999999999987,0.03747723336159292,0.04602284578481752,5,21,9,1,2411.9573943179944,79.76419316405045,2614.6
84,2024-09-22,2614.6,ethereum,1,2557.62,2465.23,2361.96,2418.08,2272.7,2545.8166666666666,75.38128569698088,2422.61,124.8154696608793,2614.6,2295.13,56.98000000000002,0.022278524565807256,0.08127109111361075,6,22,9,1,2448.8015044419953,104.06042007731565,2582.85
85,2024-09-23,2582.85,ethereum,1,2614.6,2557.62,2465.23,2322.64,2296.4,2585.023333333333,28.55210383369632,2459.782857142857,128.7656245165694,2614.6,2295.13,-31.75,-0.012143348887019068,0.11203199807116038,0,23,9,0,2473.1739581798142,113.77412813211483,2647.99
86,2024-09-24,2647.99,ethereum,1,2582.85,2614.6,2557.62,2295.13,2359.57,2615.146666666667,32.57344061241285,2510.191428571429,122.47973511681467,2647.99,2341.09,65.13999999999987,0.025220202489498078,0.15374292523735034,1,24,9,0,2504.9586930562114,131.4212788833449,2653.84
87,2024-09-25,2653.84,ethereum,1,2647.99,2582.85,2614.6,2341.09,2389.47,2628.226666666667,39.40605325746905,2554.87,106.51612460092349,2653.84,2361.96,5.850000000000364,0.002209222844497205,0.13359161757984528,2,25,9,0,2532.0280215914454,143.51280680366884,2578.57
88,2024-09-26,2578.57,ethereum,1,2653.84,2647.99,2582.85,2361.96,2342.96,2626.7999999999997,41.87069739086186,2585.8142857142857,64.1855240318064,2653.84,2465.23,-75.26999999999998,-0.02836267446417262,0.09170773425460221,3,26,9,0,2540.4901994839097,133.98538542194476,2630.95
89,2024-09-27,2630.95,ethereum,1,2578.57,2653.84,2647.99,2465.23,2362.3,2621.12,38.58581215935574,2609.488571428571,37.17537062292604,2653.84,2557.62,52.379999999999654,0.02031358466126565,0.0672229366022643,4,27,9,0,2556.9374359413805,114.903947132668,2698.19
90,2024-09-28,2698.19,ethereum,1,2630.95,2578.57,2653.84,2557.62,2445.09,2635.9033333333336,59.96363675871004,2629.57,42.12441374467902,2698.19,2578.57,67.24000000000024,0.025557308196659134,0.05496125303993571,5,28,9,1,2582.619720315675,99.47351774886376,2680.22
91,2024-09-29,2680.22,ethereum,1,2698.19,2630.95,2578.57,2614.6,2418.08,2669.7866666666664,34.81300379643773,2638.944285714286,45.411045593603596,2698.19,2578.57,-17.970000000000255,-0.006660020235787822,0.025097529258777618,6,29,9,1,2600.3652257128247,68.27268612784457,2659.61
92,2024-09-30,2659.61,ethereum,1,2680.22,2698.19,2630.95,2582.85,2322.64,2679.34,19.30504856242308,2649.91,38.32264996055994,2698.19,2578.57,-20.609999999999673,-0.0076896672661198595,0.029719108736473432,0,30,9,0,2611.1370028559472,46.28868981127508,2597.34
93,2024-10-01,2597.34,ethereum,1,2659.61,2680.22,2698.19,2647.99,2295.13,2645.7233333333334,43.149776747169795,2642.674285714286,43.21493293493594,2698.19,2578.57,-62.26999999999998,-0.023413207199551755,-0.019127715739107654,1,1,10,0,2608.628456882139,40.713848640371616,2451.63
94,2024-10-02,2451.63,ethereum,1,2597.34,2659.61,2680.22,2653.84,2341.09,2569.5266666666666,106.74317886089995,2613.7871428571425,83.40379621941084,2698.19,2451.63,-145.71000000000004,-0.05609970200281833,-0.07619524914840381,2,2,10,0,2580.083282903568,70.93086077300939,2365.23
95,2024-10-03,2365.23,ethereum,1,2451.63,2597.34,2659.61,2578.57,2361.96,2471.4,117.3111362999952,2583.31,126.3431648329239,2698.19,2365.23,-86.40000000000009,-0.03524185949755876,-0.08273577990901937,3,3,10,0,2541.0190496483738,107.11042101495133,2348.0
96,2024-10-04,2348.0,ethereum,1,2365.23,2451.63,2597.34,2630.95,2465.23,2388.286666666667,55.52928626705745,2542.8885714285716,151.34924021707204,2698.19,2348.0,-17.230000000000018,-0.007284703813159821,-0.10754670366217522,4,4,10,0,2505.924676985033,130.49887754306647,2416.92
97,2024-10-05,2416.92,ethereum,1,2348.0,2365.23,2451.63,2698.19,2557.62,2376.7166666666667,35.86710517073731,2502.707142857143,140.1708909051448,2680.22,2348.0,68.92000000000007,0.029352640545144748,-0.10424395613355619,5,5,10,1,2489.7420084422997,134.30277578003583,2415.4
98,2024-10-06,2415.4,ethereum,1,2416.92,2348.0,2365.23,2680.22,2614.6,2393.44,39.35953251749174,2464.8757142857144,118.30784404215898,2659.61,2348.0,-1.5199999999999818,-0.0006288995912152595,-0.09880532195118297,6,6,10,1,2476.225279634609,139.27599014985552,2438.03
99,2024-10-07,2438.03,ethereum,1,2415.4,2416.92,2348.0,2659.61,2582.85,2423.4500000000003,12.64950196630927,2433.221428571429,81.4102465763247,2597.34,2348.0,22.63000000000011,0.009369048604785934,-0.08331296693876167,0,7,10,0,2469.280683337407,136.5109994794903,2422.75
100,2024-10-08,2422.75,ethereum,1,2438.03,2415.4,2416.92,2597.34,2647.99,2425.3933333333334,11.544246763172008,2408.2799999999997,37.82854037186093,2451.63,2348.0,-15.2800000000002,-0.006267355200715419,-0.06721876997235643,1,8,10,0,2460.820559094242,120.51113549746982,2441.47
101,2024-10-09,2441.47,ethereum,1,2422.75,2438.03,2415.4,2451.63,2653.84,2434.0833333333335,9.964523738195595,2406.828571428571,36.04071282523719,2441.47,2348.0,18.7199999999998,0.0077267567846455165,-0.004144181626101973,2,9,10,0,2457.3022756225614,97.84921379347291,2367.62
102,2024-10-10,2367.62,ethereum,1,2441.47,2422.75,2438.03,2365.23,2578.57,2410.6133333333332,38.39179122324105,2407.1699999999996,35.58944787431861,2441.47,2348.0,-73.84999999999991,-0.030248170159780763,0.0010104725544661797,3,10,10,0,2440.99640732755,69.75113960837895,2381.78
103,2024-10-11,2381.78,ethereum,1,2367.62,2441.47,2422.75,2348.0,2630.95,2396.9566666666665,39.19443880614766,2411.9957142857143,27.62910111766727,2441.47,2367.62,14.16000000000031,0.005980689468749301,0.014386712095400433,4,11,10,0,2430.22978781345,36.40460350927711,2435.71
104,2024-10-12,2435.71,ethereum,1,2381.78,2367.62,2441.47,2416.92,2698.19,2395.0366666666664,35.92862971682675,2414.6800000000003,29.062818170281826,2441.47,2367.62,53.929999999999836,0.02264272938726486,0.007774357446667546,5,12,10,1,2431.2261900291865,34.427595020417876,2477.61
105,2024-10-13,2477.61,ethereum,1,2435.71,2381.78,2367.62,2415.4,2680.22,2431.7000000000003,48.04068380025048,2423.567142857143,37.58253526761807,2477.61,2367.62,41.90000000000009,0.017202376309166656,0.025755568435869902,6,13,10,1,2439.6596100238794,38.69981523069386,2466.86
106,2024-10-14,2466.86,ethereum,1,2477.61,2435.71,2381.78,2438.03,2659.61,2460.06,21.76195073966868,2427.6857142857143,40.867755364961525,2477.61,2367.62,-10.75,-0.004338858819588287,0.01182512110187317,0,14,10,0,2444.605135474083,33.95869558090319,2628.5
107,2024-10-15,2628.5,ethereum,1,2466.86,2477.61,2435.71,2422.75,2597.34,2524.3233333333333,90.37961071685015,2457.078571428571,85.90253807436683,2628.5,2367.62,161.63999999999987,0.06552459401830668,0.08492415643380458,1,15,10,0,2478.040565387886,71.99561684961348,2602.08
108,2024-10-16,2602.08,ethereum,1,2628.5,2466.86,2477.61,2441.47,2451.63,2565.8133333333335,86.7082794969983,2480.022857142857,101.13702037570246,2628.5,2367.62,-26.420000000000073,-0.010051360091306805,0.06578413824458229,2,16,10,0,2500.593189862816,85.63662799553212,2611.7
109,2024-10-17,2611.7,ethereum,1,2602.08,2628.5,2466.86,2367.62,2365.23,2614.0933333333332,13.371616705912745,2514.891428571428,97.9506066730484,2628.5,2381.78,9.61999999999989,0.0036970423661071283,0.1030908676223381,3,17,10,0,2520.7944280695765,96.2341021560362,2603.12
110,2024-10-18,2603.12,ethereum,1,2611.7,2602.08,2628.5,2381.78,2348.0,2605.633333333333,5.279558061977988,2546.511428571429,82.2929580682234,2628.5,2435.71,-8.579999999999927,-0.0032852165256346266,0.09293049735911785,4,18,10,0,2535.762713875108,100.37436041030763,2643.16
111,2024-10-19,2643.16,ethereum,1,2603.12,2611.7,2602.08,2435.71,2416.92,2619.3266666666664,21.081388315997465,2576.1471428571426,72.51304083043026,2643.16,2466.86,40.039999999999964,0.01538154214942078,0.0851702378361956,5,19,10,1,2555.2894931705428,106.98529963400696,2649.98
112,2024-10-20,2649.98,ethereum,1,2643.16,2603.12,2611.7,2477.61,2415.4,2632.0866666666666,25.316574281090226,2600.7714285714283,61.97591022017047,2649.98,2466.86,6.820000000000164,0.0025802448584271165,0.0695710785797603,6,20,10,1,2572.505948957717,98.7087218931445,2742.96
113,2024-10-21,2742.96,ethereum,1,2649.98,2643.16,2603.12,2466.86,2438.03,2678.7000000000003,55.75516837026821,2640.214285714286,49.059873235716324,2742.96,2602.08,92.98000000000002,0.03508705726080952,0.11192366003745646,0,21,10,0,2603.4975946017685,96.34722042926148,2665.73
114,2024-10-22,2665.73,ethereum,1,2742.96,2649.98,2643.16,2628.5,2422.75,2686.2233333333334,49.76246209071994,2645.532857142857,49.59341983041711,2742.96,2602.08,-77.23000000000002,-0.02815571499402103,0.014163971847060974,1,22,10,0,2614.8125774014466,82.96362255028912,2619.57
115,2024-10-23,2619.57,ethereum,1,2665.73,2742.96,2649.98,2602.08,2441.47,2676.0866666666666,62.34355165797226,2648.031428571429,47.43286990704733,2742.96,2603.12,-46.159999999999854,-0.017316082273898692,0.006721545840250975,2,23,10,0,2615.6775633284565,68.90535073562951,2524.1
116,2024-10-24,2524.1,ethereum,1,2619.57,2665.73,2742.96,2611.7,2367.62,2603.133333333333,72.2314836711094,2635.5171428571425,66.38528670176808,2742.96,2524.1,-95.47000000000025,-0.03644491271468231,-0.033541371520465546,3,24,10,0,2599.027097268737,55.54127114137832,2536.23
117,2024-10-25,2536.23,ethereum,1,2524.1,2619.57,2665.73,2603.12,2381.78,2559.9666666666667,51.97309143517858,2625.9614285714283,75.95088093159559,2742.96,2524.1,12.13000000000011,0.004805673309298486,-0.025696087771597154,4,25,10,0,2587.6094432198756,62.8355449743405,2422.09
118,2024-10-26,2422.09,ethereum,1,2536.23,2524.1,2619.57,2643.16,2435.71,2494.14,62.69119635160588,2594.38,107.15820080609556,2742.96,2422.09,-114.13999999999987,-0.04500380485996924,-0.08363852358540524,5,26,10,1,2557.51499899808,88.8775911264739,2479.37
119,2024-10-27,2479.37,ethereum,1,2422.09,2536.23,2524.1,2649.98,2477.61,2479.23,57.07012878902146,2570.0071428571428,111.71016586301447,2742.96,2422.09,57.279999999999745,0.023648997353525214,-0.06438161797447528,6,27,10,1,2543.3068173620654,96.75280420283134,2505.5
120,2024-10-28,2505.5,ethereum,1,2479.37,2422.09,2536.23,2742.96,2466.86,2468.986666666667,42.663417975224924,2536.0842857142857,82.73262755348628,2665.73,2422.09,26.13000000000011,0.01053896756030781,-0.0865707119316359,0,28,10,0,2536.4328505689623,99.99878426483397,2564.81
121,2024-10-29,2564.81,ethereum,1,2505.5,2479.37,2422.09,2665.73,2628.5,2516.56,43.78060186881641,2521.667142857143,62.75654460273614,2619.57,2422.09,59.309999999999945,0.023671921772101312,-0.03785829772707672,1,29,10,0,2541.5923322836966,97.43844908453956,2638.64
122,2024-10-30,2638.64,ethereum,1,2564.81,2505.5,2479.37,2619.57,2602.08,2569.6499999999996,66.70182980995511,2524.391428571428,67.91665368389457,2638.64,2422.09,73.82999999999993,0.028785758009365114,0.00727982073393707,2,30,10,0,2559.2373627775696,96.47884224015343,2657.61
123,2024-10-31,2657.61,ethereum,1,2638.64,2564.81,2505.5,2524.1,2611.7,2620.353333333333,49.0281718334466,2543.464285714286,84.53472340940087,2657.61,2422.09,18.970000000000255,0.007189309644362263,0.05289410086763602,3,31,10,0,2577.123296818011,82.18429239621842,2514.75
124,2024-11-01,2514.75,ethereum,1,2657.61,2638.64,2564.81,2536.23,2603.12,2603.6666666666665,77.58605179624652,2540.3957142857143,85.22810488274327,2657.61,2422.09,-142.86000000000013,-0.05375506564168564,-0.008469263434309982,4,1,11,0,2565.782697396555,74.37870828104023,2513.84
125,2024-11-02,2513.84,ethereum,1,2514.75,2657.61,2638.64,2422.09,2643.16,2562.066666666667,82.74420483229963,2553.502857142857,69.62921171325105,2657.61,2479.37,-0.9099999999998545,-0.0003618649965204668,0.03788050815617927,5,2,11,1,2556.338570597181,70.19815401182028,2491.35
126,2024-11-03,2491.35,ethereum,1,2513.84,2514.75,2657.61,2479.37,2649.98,2506.646666666667,13.255113478546782,2555.214285714286,67.62168903961694,2657.61,2491.35,-22.490000000000236,-0.008946472329185773,0.004831872612800936,6,3,11,1,2544.5224668522387,71.5500917694926,2456.98
127,2024-11-04,2456.98,ethereum,1,2491.35,2513.84,2514.75,2505.5,2742.96,2487.39,28.63609784861904,2548.282857142857,75.58473031732022,2657.61,2456.98,-34.36999999999989,-0.013795733237000007,-0.019365396128517287,0,4,11,0,2528.605654697286,75.3681360906478,2395.95
128,2024-11-05,2395.95,ethereum,1,2456.98,2491.35,2513.84,2564.81,2665.73,2448.0933333333332,48.31686696515762,2524.16,94.10727566629653,2657.61,2395.95,-61.0300000000002,-0.024839437032454503,-0.06583723550672371,1,5,11,0,2504.4864447523246,79.64633924767797,2422.37
129,2024-11-06,2422.37,ethereum,1,2395.95,2456.98,2491.35,2638.64,2619.57,2425.1,30.606451934114318,2493.2642857142855,85.3529862506493,2657.61,2395.95,26.420000000000073,0.01102694129677162,-0.08196267774307975,2,6,11,0,2489.5561820700837,84.89345885023323,2720.62
130,2024-11-07,2720.62,ethereum,1,2422.37,2395.95,2456.98,2657.61,2524.1,2512.98,180.30607671400296,2502.2657142857142,106.3208356590415,2720.62,2395.95,298.25,0.123123222298823,0.023709272617125743,3,7,11,0,2531.567785330068,106.4143285882566,2894.97
131,2024-11-08,2894.97,ethereum,1,2720.62,2422.37,2395.95,2514.75,2536.23,2679.3199999999997,238.99154273738878,2556.582857142857,183.1361311260253,2894.97,2395.95,174.3499999999999,0.06408465717373235,0.15119594393080815,4,8,11,0,2597.6409152700558,155.60909169382785,2960.96
132,2024-11-09,2960.96,ethereum,1,2894.97,2720.62,2422.37,2513.84,2422.09,2858.85,124.17455335131432,2620.4571428571426,236.0676126108985,2960.96,2395.95,65.99000000000024,0.022794709444312167,0.17786334850268903,5,9,11,1,2663.6989306755,198.66793998473415,3130.04
133,2024-11-10,3130.04,ethereum,1,2960.96,2894.97,2720.62,2491.35,2479.37,2995.3233333333333,121.24399050399435,2711.6985714285715,294.13674605691966,3130.04,2395.95,169.07999999999993,0.05710310169674693,0.25636301603548284,6,10,11,1,2748.488216007227,259.8604634136471,3191.9
134,2024-11-11,3191.9,ethereum,1,3130.04,2960.96,2894.97,2456.98,2505.5,3094.3000000000006,119.54635753547679,2816.687142857143,318.2379122456618,3191.9,2395.95,61.86000000000013,0.01976332570829764,0.2991151739126896,0,11,11,0,2829.1085403695492,304.9606791338471,3372.79
135,2024-11-12,3372.79,ethereum,1,3191.9,3130.04,2960.96,2395.95,2564.81,3231.5766666666664,126.14503174257175,2956.2357142857145,317.1661579707192,3372.79,2422.37,180.88999999999987,0.0566715749240263,0.40770466829441365,1,12,11,0,2927.9597148478133,357.5337585319728,3260.93
136,2024-11-13,3260.93,ethereum,1,3372.79,3191.9,3130.04,2422.37,2638.64,3275.206666666667,91.2861732867293,3076.0299999999997,227.6464880760006,3372.79,2720.62,-111.86000000000013,-0.03316542091265695,0.34617337566102613,2,13,11,0,2988.499766693665,365.54400362716444,3191.9
137,2024-11-14,3191.9,ethereum,1,3260.93,3372.79,3191.9,2720.62,2657.61,3275.2066666666665,91.2861732867293,3143.355714285714,166.49217567774363,3372.79,2894.97,-69.02999999999975,-0.021168807671431034,0.1732252207217473,3,14,11,0,3025.481627294817,344.12899170869446,3059.81
138,2024-11-15,3059.81,ethereum,1,3191.9,3260.93,3372.79,2894.97,2514.75,3170.8799999999997,102.19439270332138,3166.904285714286,133.99038782157282,3372.79,2960.96,-132.09000000000015,-0.04138287540336483,0.05694014100318845,4,15,11,0,3031.7231496048503,283.0793320470785,3093.91
139,2024-11-16,3093.91,ethereum,1,3059.81,3191.9,3260.93,2960.96,2513.84,3115.2066666666665,68.5718822356042,3185.897142857143,106.5446391134427,3372.79,3059.81,34.09999999999991,0.011144482827365021,0.04490097806116933,5,16,11,1,3043.0298496766954,189.6092036004517,3133.88
140,2024-11-17,3133.88,ethereum,1,3093.91,3059.81,3191.9,3130.04,2491.35,3095.866666666667,37.07374587674413,3186.445714285714,106.21849883726618,3372.79,3059.81,39.970000000000255,0.012918927829187021,0.00122682138247443,6,17,11,1,3059.548058826387,138.96551646200896,3075.53
141,2024-11-18,3075.53,ethereum,1,3133.88,3093.91,3059.81,3191.9,2456.98,3101.1066666666666,29.83328063310245,3169.8214285714284,114.04107102687377,3372.79,3059.81,-58.34999999999991,-0.018619091988206327,-0.03645790908236468,0,18,11,0,3062.4538663124986,114.79071751572513,3209.42
142,2024-11-19,3209.42,ethereum,1,3075.53,3133.88,3093.91,3372.79,2395.95,3139.6100000000006,67.12866526306351,3146.4828571428566,75.92889079360215,3260.93,3059.81,133.88999999999987,0.043533960000390115,-0.04843764361255809,1,19,11,0,3089.174981528408,95.23207051430495,3112.91
143,2024-11-20,3112.91,ethereum,1,3209.42,3075.53,3133.88,3260.93,2422.37,3132.6200000000003,69.08687357233914,3125.337142857143,56.994412508127574,3209.42,3059.81,-96.51000000000022,-0.030070853923761964,-0.045391958735698124,2,20,11,0,3093.4904394323335,96.21985528521766,3075.19
144,2024-11-21,3075.19,ethereum,1,3112.91,3209.42,3075.53,3191.9,2720.62,3132.5066666666667,69.22748900063978,3108.664285714286,51.03660642364175,3209.42,3059.81,-37.7199999999998,-0.012117279330272845,-0.036564428710172625,3,21,11,0,3090.1630868082725,100.30016495498488,3365.94
145,2024-11-22,3365.94,ethereum,1,3075.19,3112.91,3209.42,3059.81,2894.97,3184.6800000000003,158.1046814613688,3152.3971428571426,104.91625512988993,3365.94,3075.19,290.75,0.09454700359977752,0.10004869583405518,4,22,11,0,3140.304343752223,98.68541767768639,3327.76
146,2024-11-23,3327.76,ethereum,1,3365.94,3075.19,3112.91,3093.91,2960.96,3256.2966666666666,158.00046402885957,3185.8042857142855,119.41778829767784,3365.94,3075.19,-38.179999999999836,-0.011343042359638011,0.07558396979873372,5,23,11,1,3174.3871903427275,108.23549687293219,3394.04
147,2024-11-24,3394.04,ethereum,1,3327.76,3365.94,3075.19,3133.88,3130.04,3362.58,33.267503663525424,3222.9700000000003,139.3799351891723,3394.04,3075.19,66.27999999999975,0.019917301728489933,0.08301530371296928,6,24,11,1,3214.3240648258675,130.48438122369447,3368.7
148,2024-11-25,3368.7,ethereum,1,3394.04,3327.76,3365.94,3075.53,3191.9,3363.5,33.44457504592763,3264.8514285714286,131.51736189932205,3394.04,3075.19,-25.340000000000146,-0.00746602868557833,0.09532340767282377,0,25,11,0,3242.3924166757097,134.10894284539,3417.29
149,2024-11-26,3417.29,ethereum,1,3368.7,3394.04,3327.76,3209.42,3372.79,3393.343333333333,24.30249027026469,3294.547142857143,140.10289405938286,3417.29,3075.19,48.590000000000146,0.014423961765666293,0.06476871210374457,1,26,11,0,3274.191977280126,140.31592498516076,3325.64
150,2024-11-27,3325.64,ethereum,1,3417.29,3368.7,3394.04,3112.91,3260.93,3370.543333333333,45.85279744286174,3324.937142857143,114.95127586858231,3417.29,3075.19,-91.65000000000009,-0.02681949732097655,0.06833798600023777,2,27,11,0,3283.5461632291936,136.0143466125584,3643.86
151,2024-11-28,3643.86,ethereum,1,3325.64,3417.29,3368.7,3075.19,3191.9,3462.263333333334,163.80763911776802,3406.175714285714,109.86581965551244,3643.86,3325.64,318.22000000000025,0.09568684523881132,0.18492190726426672,3,28,11,0,3349.0577699147943,163.05651728089344,3579.24
152,2024-11-29,3579.24,ethereum,1,3643.86,3325.64,3417.29,3365.94,3059.81,3516.2466666666664,168.20259252858546,3436.6471428571426,125.33672549236827,3643.86,3325.64,-64.62000000000035,-0.017733941479639803,0.06337011354926103,4,29,11,0,3390.90908447574,175.6175059009929,3598.19
153,2024-11-30,3598.19,ethereum,1,3579.24,3643.86,3325.64,3327.76,3093.91,3607.096666666667,33.217956489497055,3475.2799999999997,127.83320499778914,3643.86,3325.64,18.950000000000273,0.005294420044478887,0.08126487487078382,5,30,11,1,3428.5965236619695,166.22576135751368,3643.86
154,2024-12-01,3643.86,ethereum,1,3598.19,3579.24,3643.86,3394.04,3133.88,3607.096666666667,33.217956489497055,3510.968571428571,135.98500510825747,3643.86,3325.64,45.67000000000007,0.012692492614342132,0.07360549669420524,6,1,12,1,3467.735337541611,133.08528441899526,3643.86
155,2024-12-02,3643.86,ethereum,1,3643.86,3598.19,3579.24,3368.7,3075.53,3628.6366666666668,26.36758679398456,3550.2771428571427,127.51154754433138,3643.86,3325.64,0.0,0.0,0.08168136076231192,0,2,12,0,3499.758003443136,138.66515225133077,3643.86
156,2024-12-03,3643.86,ethereum,1,3643.86,3643.86,3598.19,3417.29,3209.42,3643.86,0.0,3582.6442857142856,116.40011166337348,3643.86,3325.64,0.0,0.0,0.06630107482829972,1,3,12,0,3525.958366453475,132.38341799483698,3625.71
157,2024-12-04,3625.71,ethereum,1,3643.86,3643.86,3643.86,3325.64,3112.91,3637.81,10.478907386033287,3625.511428571429,26.565093907114232,3643.86,3579.24,-18.15000000000009,-0.004980981706212639,0.09022924910693897,2,4,12,0,3544.0950270982976,126.91095543724987,3643.86
158,2024-12-05,3643.86,ethereum,1,3625.71,3643.86,3643.86,3643.86,3075.19,3637.81,10.478907386033287,3625.5114285714285,26.565093907114232,3643.86,3579.24,18.15000000000009,0.005005916082643225,0.0,3,5,12,0,3562.2341130804252,112.4796207763677,3643.86
159,2024-12-06,3643.86,ethereum,1,3643.86,3625.71,3643.86,3579.24,3365.94,3637.81,10.478907386033287,3634.7428571428572,17.480061703295547,3643.86,3598.19,0.0,0.0,0.01805411204613283,4,6,12,0,3577.0751834294388,98.8289030147886,3643.86
160,2024-12-07,3643.86,ethereum,1,3643.86,3643.86,3625.71,3598.19,3327.76,3643.86,0.0,3641.2671428571425,6.860055185716821,3643.86,3625.71,0.0,0.0,0.012692492614342132,5,7,12,1,3589.2178773513588,23.43130014877292,3643.86
161,2024-12-08,3643.86,ethereum,1,3643.86,3643.86,3643.86,3643.86,3394.04,3643.86,0.0,3641.2671428571434,6.860055185716821,3643.86,3625.71,0.0,0.0,0.0,6,8,12,1,3599.1528087420206,23.43130014877292,3643.86
162,2024-12-09,3643.86,ethereum,1,3643.86,3643.86,3643.86,3643.86,3368.7,3643.86,0.0,3641.2671428571434,6.860055185716821,3643.86,3625.71,0.0,0.0,0.0,0,9,12,0,3607.281388970744,14.9364288456729,3643.86
163,2024-12-10,3643.86,ethereum,1,3643.86,3643.86,3643.86,3643.86,3417.29,3643.86,0.0,3641.2671428571434,6.860055185716821,3643.86,3625.71,0.0,0.0,0.0,1,10,12,0,3613.9320455215175,5.739533952783923,3626.59
164,2024-12-11,3626.59,ethereum,1,3643.86,3643.86,3643.86,3625.71,3325.64,3638.103333333334,9.970839149158872,3641.392857142858,6.527446449499206,3643.86,3626.59,-17.269999999999982,-0.0047394795628811215,0.00024271108279494413,2,11,12,0,3616.233491790332,7.470071842258383,3643.86
165,2024-12-12,3643.86,ethereum,1,3626.59,3643.86,3643.86,3643.86,3643.86,3638.103333333333,9.970839149158872,3641.392857142858,6.527446449499206,3643.86,3626.59,17.269999999999982,0.004762049197731155,0.0,3,12,12,0,3621.2564932829987,7.470071842258383,3643.86
166,2024-12-13,3643.86,ethereum,1,3643.86,3626.59,3643.86,3643.86,3579.24,3638.103333333334,9.970839149158872,3641.3928571428573,6.527446449499206,3643.86,3626.59,0.0,0.0,0.0,4,13,12,0,3625.366221776999,7.470071842258383,3643.86
167,2024-12-14,3643.86,ethereum,1,3643.86,3643.86,3626.59,3643.86,3598.19,3643.86,0.0,3641.3928571428573,6.527446449499206,3643.86,3626.59,0.0,0.0,0.0,5,14,12,1,3628.728726908453,5.461253518667504,3643.86
168,2024-12-15,3643.86,ethereum,1,3643.86,3643.86,3643.86,3643.86,3643.86,3643.86,0.0,3641.3928571428573,6.527446449499206,3643.86,3626.59,0.0,0.0,0.0,6,15,12,1,3631.4798674705526,5.461253518667504,3643.86
169,2024-12-16,3643.86,ethereum,1,3643.86,3643.86,3643.86,3643.86,3643.86,3643.86,0.0,3641.3928571428573,6.527446449499206,3643.86,3626.59,0.0,0.0,0.0,0,16,12,0,3633.7308006577246,5.461253518667504,3643.86
170,2024-12-17,3643.86,ethereum,1,3643.86,3643.86,3643.86,3643.86,3643.86,3643.86,0.0,3641.3928571428573,6.527446449499206,3643.86,3626.59,0.0,0.0,0.0,1,17,12,0,3635.5724732654107,5.461253518667504,3643.86
171,2024-12-18,3643.86,ethereum,1,3643.86,3643.86,3643.86,3626.59,3625.71,3643.86,0.0,3643.86,0.0,3643.86,3643.86,0.0,0.0,0.004762049197731155,2,18,12,0,3637.079296308063,5.461253518667504,3628.26
172,2024-12-19,3628.26,ethereum,1,3643.86,3643.86,3643.86,3643.86,3643.86,3638.66,9.006664199639522,3641.6314285714284,5.896245779641418,3643.86,3628.26,-15.599999999999909,-0.004281174359058726,-0.004281174359058726,3,19,12,0,3635.4757878884147,6.940774932371249,3434.68
173,2024-12-20,3434.68,ethereum,1,3628.26,3643.86,3643.86,3643.86,3643.86,3568.933333333333,116.52814309572474,3611.7485714285713,78.2960466070518,3643.86,3434.68,-193.58000000000038,-0.05335339804754902,-0.057406157206917996,4,20,12,0,3598.9674628177936,65.35294352799332,3468.66
174,2024-12-21,3468.66,ethereum,1,3434.68,3628.26,3643.86,3643.86,3643.86,3510.533333333333,103.36022510297215,3586.7200000000003,92.95143463125054,3643.86,3434.68,33.98000000000002,0.009893206936308463,-0.04808088126327581,5,21,12,1,3575.2751968509215,80.75771195369151,3337.6
175,2024-12-22,3337.6,ethereum,1,3468.66,3434.68,3628.26,3643.86,3643.86,3413.646666666666,68.01457000772696,3542.968571428572,127.30298339378994,3643.86,3337.6,-131.05999999999995,-0.037784043405810874,-0.08404823456444543,6,22,12,1,3532.0615246962084,114.8004869521033,3275.89
176,2024-12-23,3275.89,ethereum,1,3337.6,3468.66,3434.68,3643.86,3643.86,3360.7166666666667,98.44213240953,3490.401428571429,152.23066318679807,3643.86,3275.89,-61.710000000000036,-0.018489333652924267,-0.10098357236556843,0,23,12,0,3485.484883842352,144.7215980540885,3414.64
177,2024-12-24,3414.64,ethereum,1,3275.89,3337.6,3468.66,3643.86,3643.86,3342.7099999999996,69.51600319352309,3457.655714285714,137.67675740145006,3643.86,3275.89,138.75,0.04235490202662473,-0.06290581965278585,1,24,12,0,3472.603995871015,143.9678254217331,3497.56
178,2024-12-25,3497.56,ethereum,1,3414.64,3275.89,3337.6,3643.86,3626.59,3396.03,112.00065312310663,3436.7557142857145,113.71893947467231,3628.26,3275.89,82.92000000000007,0.024283672656561173,-0.04014973132886557,2,25,12,0,3477.1414511671937,136.48995567845697,3494.51
179,2024-12-26,3494.51,ethereum,1,3497.56,3414.64,3275.89,3628.26,3643.86,3468.903333333333,47.01816280265021,3417.6485714285714,83.36472963804857,3497.56,3275.89,-3.049999999999727,-0.000872036505449425,-0.0368634000870941,3,26,12,0,3480.2993691367947,126.68290122277092,3327.79
180,2024-12-27,3327.79,ethereum,1,3494.51,3497.56,3414.64,3434.68,3643.86,3439.9533333333334,97.14826623947673,3402.378571428572,89.30318386051401,3497.56,3275.89,-166.72000000000025,-0.04770912087817758,-0.03112080310247234,4,27,12,0,3452.5703929301044,121.68401449380941,3328.61
181,2024-12-28,3328.61,ethereum,1,3327.79,3494.51,3497.56,3468.66,3643.86,3383.6366666666668,96.01999861141275,3382.371428571429,87.65170267004454,3497.56,3275.89,0.8200000000001637,0.0002464097794632192,-0.040375822363679315,5,28,12,1,3430.0321396700856,106.43573606222469,3397.83
182,2024-12-29,3397.83,ethereum,1,3328.61,3327.79,3494.51,3337.6,3643.86,3351.41,40.20298993858599,3390.975714285714,85.45288796705682,3497.56,3275.89,69.2199999999998,0.020795467176989657,0.018045901246404705,6,29,12,1,3424.1772051846156,77.56322239163572,3357.33
183,2024-12-30,3357.33,ethereum,1,3397.83,3328.61,3327.79,3275.89,3643.86,3361.2566666666667,34.77666075596504,3402.61,71.59258876917632,3497.56,3327.79,-40.5,-0.011919372069821077,0.024860419611159035,0,30,12,0,3412.0231678783216,77.33068052919049,3359.51
184,2024-12-31,3359.51,ethereum,1,3357.33,3397.83,3328.61,3414.64,3643.86,3371.556666666667,22.779467362859815,3394.7342857142858,73.06583055877583,3497.56,3327.79,2.180000000000291,0.0006493255056847502,-0.016145186608251483,1,31,12,0,3402.475319173172,72.55675802047055,3336.62
185,2025-01-01,3336.62,ethereum,1,3359.51,3357.33,3397.83,3497.56,3643.86,3351.153333333333,12.633346086266322,3371.7428571428572,59.351489370374004,3494.51,3327.79,-22.890000000000327,-0.006813493634488466,-0.046014936126899886,2,1,1,0,3390.5016247780495,72.619713798795,3348.97
186,2025-01-02,3348.97,ethereum,1,3336.62,3359.51,3357.33,3494.51,3628.26,3348.3666666666663,11.456920761502586,3350.9514285714286,24.346262155772695,3397.83,3327.79,12.349999999999909,0.0037013504684380027,-0.04164818529636494,3,2,1,0,3382.9504202729495,64.28618912502789,3448.14
187,2025-01-03,3448.14,ethereum,1,3348.97,3336.62,3359.51,3327.79,3434.68,3377.91,61.13362658964686,3368.1442857142856,41.62621203733053,3448.14,3328.61,99.17000000000007,0.02961208968727691,0.03616514263219739,4,3,1,0,3394.803071132413,66.7505747041173,3604.29
188,2025-01-04,3604.29,ethereum,1,3448.14,3348.97,3336.62,3328.61,3468.66,3467.133333333333,128.71532788808335,3407.5271428571427,94.64074328999062,3604.29,3336.62,156.1500000000001,0.045285284240199175,0.08282135786409328,5,4,1,1,3432.8916036537926,90.29549465810626,3643.86
189,2025-01-05,3643.86,ethereum,1,3604.29,3448.14,3348.97,3397.83,3337.6,3565.4300000000003,103.48504384694772,3442.674285714286,129.64898442298266,3643.86,3336.62,39.570000000000164,0.010978583854240442,0.07240797803303889,6,5,1,1,3471.2494938985574,116.22629863520946,3635.85
190,2025-01-06,3635.85,ethereum,1,3643.86,3604.29,3448.14,3357.33,3275.89,3628.0,20.9203991359028,3482.462857142857,141.30608122258081,3643.86,3336.62,-8.010000000000218,-0.002198218372824523,0.08295877974461852,0,6,1,0,3501.176858644274,130.4156854446437,3643.86
191,2025-01-07,3643.86,ethereum,1,3635.85,3643.86,3604.29,3359.51,3414.64,3641.19,4.624575656821035,3523.0842857142857,140.94051994338463,3643.86,3336.62,8.010000000000218,0.0022030611823919966,0.08464031957041351,1,7,1,0,3527.1192479816787,136.80500715331397,3380.02
192,2025-01-08,3380.02,ethereum,1,3643.86,3635.85,3643.86,3336.62,3497.56,3553.2433333333333,150.0692587885267,3529.284285714286,132.0446647738748,3643.86,3348.97,-263.84000000000015,-0.07240673351885096,0.01300717492552339,2,8,1,0,3500.373930166828,138.06934644508843,3325.13
193,2025-01-09,3325.13,ethereum,1,3380.02,3643.86,3635.85,3348.97,3494.51,3449.67,170.39819570641896,3525.878571428572,137.65857491498988,3643.86,3325.13,-54.88999999999987,-0.01623954887840895,-0.007118606616362544,3,9,1,0,3468.5113974092224,141.4739166575964,3219.09
194,2025-01-10,3219.09,ethereum,1,3325.13,3380.02,3643.86,3448.14,3327.79,3308.08,81.80857595632106,3493.1571428571433,179.94462034326753,3643.86,3219.09,-106.03999999999996,-0.0318904824773768,-0.06642711722841876,4,10,1,0,3423.1620524257273,159.73834063171543,3269.18
195,2025-01-11,3269.18,ethereum,1,3219.09,3325.13,3380.02,3604.29,3328.61,3271.133333333333,53.046979493030776,3445.2842857142855,189.75992454127612,3643.86,3219.09,50.08999999999969,0.015560298096666925,-0.09297531552677507,5,11,1,1,3395.1653156210496,166.73023617340874,3283.59
196,2025-01-12,3283.59,ethereum,1,3269.18,3219.09,3325.13,3643.86,3397.83,3257.286666666667,33.85485243408759,3393.817142857143,175.22539482187415,3643.86,3219.09,14.41000000000031,0.004407833156938601,-0.0988704286114176,6,12,1,1,3374.8788945990404,172.39779106923555,3264.07
197,2025-01-13,3264.07,ethereum,1,3283.59,3269.18,3219.09,3635.85,3357.33,3272.28,10.122504630806457,3340.7057142857147,143.02230838314355,3643.86,3219.09,-19.519999999999982,-0.005944712951373332,-0.10225394336950089,0,13,1,0,3354.73182285376,181.6398831142933,3134.55
198,2025-01-14,3134.55,ethereum,1,3264.07,3283.59,3269.18,3643.86,3359.51,3227.4033333333336,81.00347976064674,3267.947142857143,77.75310684348027,3380.02,3134.55,-129.51999999999998,-0.03968052155744206,-0.13977210979565624,1,14,1,0,3314.6987641530764,191.15657660089656,3224.8
199,2025-01-15,3224.8,ethereum,1,3134.55,3264.07,3283.59,3380.02,3336.62,3207.806666666667,66.41112582491938,3245.772857142857,60.73539844121729,3325.13,3134.55,90.25,0.028792011612512214,-0.045922805190501736,2,15,1,0,3298.3535343070625,171.82170779941634,3447.03
200,2025-01-16,3447.03,ethereum,1,3224.8,3134.55,3264.07,3325.13,3348.97,3268.7933333333335,160.81821300255154,3263.1871428571426,95.05858872548178,3447.03,3134.55,222.23000000000002,0.06891280079384776,0.03666022080339726,3,16,1,0,3325.3856189785056,143.49494747588898,3309.45
201,2025-01-17,3309.45,ethereum,1,3447.03,3224.8,3134.55,3219.09,3448.14,3327.093333333333,112.16063762895946,3276.095714285714,94.20375715388963,3447.03,3134.55,-137.58000000000038,-0.0399126204297614,0.02807004463994467,4,17,1,0,3322.488233709686,87.41958964924109,3477.28
202,2025-01-18,3477.28,ethereum,1,3309.45,3447.03,3224.8,3269.18,3604.29,3411.2533333333336,89.45224778246707,3305.824285714286,120.75240589146051,3477.28,3134.55,167.83000000000038,0.05071235401652863,0.06365510617341363,5,18,1,1,3350.632191217016,103.08685432411662,3309.1
203,2025-01-19,3309.1,ethereum,1,3477.28,3309.45,3447.03,3283.59,3643.86,3365.2766666666666,96.99788983960048,3309.468571428571,120.35382716926937,3477.28,3134.55,-168.1800000000003,-0.04836538903970933,0.007768935829381762,6,19,1,1,3343.080883723013,102.69737735479305,3208.14
204,2025-01-20,3208.14,ethereum,1,3309.1,3477.28,3309.45,3264.07,3635.85,3331.5066666666667,135.96186573203096,3301.4785714285713,125.61172363394381,3477.28,3134.55,-100.96000000000004,-0.030509806291740937,-0.017135049187057994,0,20,1,0,3318.5461775915555,103.63672112505668,3263.07
205,2025-01-21,3263.07,ethereum,1,3208.14,3309.1,3477.28,3134.55,3643.86,3260.103333333333,50.545338393701535,3319.8385714285714,104.81751911913621,3477.28,3208.14,54.93000000000029,0.0171220707325741,0.04100110063645501,1,21,1,0,3308.459599847636,103.80878530579136,3326.03
206,2025-01-22,3326.03,ethereum,1,3263.07,3208.14,3309.1,3224.8,3380.02,3265.7466666666664,58.990562239513274,3334.3,96.14429017543509,3477.28,3208.14,62.960000000000036,0.01929471326082499,0.031391094021334665,2,22,1,0,3311.654218057157,104.2882786425177,3237.3
207,2025-01-23,3237.3,ethereum,1,3326.03,3263.07,3208.14,3447.03,3325.13,3275.466666666667,45.64549521402963,3304.3385714285714,87.44472910143654,3477.28,3208.14,-88.73000000000002,-0.026677450293593252,-0.06084368282260377,3,23,1,0,3298.1352693194917,105.54501590947126,3332.58
208,2025-01-24,3332.58,ethereum,1,3237.3,3326.03,3263.07,3309.45,3219.09,3298.6366666666668,53.21997400726818,3307.6428571428573,88.10458495720188,3477.28,3208.14,95.27999999999975,0.029431934019089834,0.006989076734804867,4,24,1,0,3304.3979476250383,89.77069477283268,3311.85
209,2025-01-25,3311.85,ethereum,1,3332.58,3237.3,3326.03,3477.28,3269.18,3293.91,50.109403309168414,3284.0099999999998,48.14191451674566,3332.58,3208.14,-20.730000000000018,-0.006220405811713459,-0.047574541020567906,5,25,1,1,3305.7528662386676,84.26815083738693,3320.13
210,2025-01-26,3320.13,ethereum,1,3311.85,3332.58,3237.3,3309.1,3283.59,3321.5200000000004,10.434668178782816,3285.585714285714,49.267348503605916,3332.58,3208.14,8.2800000000002,0.0025001132297659545,0.0033332326010093727,6,26,1,1,3308.3668905589093,72.04718485515355,3232.28
211,2025-01-27,3232.28,ethereum,1,3320.13,3311.85,3332.58,3208.14,3264.07,3288.0866666666666,48.50698540761104,3289.034285714286,43.443529958354624,3332.58,3232.28,-87.84999999999991,-0.026459807296702165,0.007524609275156413,0,27,1,0,3294.5329104572893,76.07269640136951,3173.53
212,2025-01-28,3173.53,ethereum,1,3232.28,3320.13,3311.85,3263.07,3134.55,3241.98,73.77979059336143,3276.2428571428572,61.706014216447194,3332.58,3173.53,-58.75,-0.018176024354325748,-0.027440416540251977,1,28,1,0,3272.5323812832366,56.27558429527974,3076.49
213,2025-01-29,3076.49,ethereum,1,3173.53,3232.28,3320.13,3326.03,3224.8,3160.7666666666664,78.67533306782116,3240.594285714286,92.53151982923724,3332.58,3076.49,-97.04000000000042,-0.03057793687155952,-0.07502638280472529,2,29,1,0,3236.888311959012,81.41854457061686,3114.44
214,2025-01-30,3114.44,ethereum,1,3076.49,3173.53,3232.28,3237.3,3447.03,3121.486666666666,48.90227022677025,3223.042857142857,104.1794733003887,3332.58,3076.49,37.95000000000027,0.01233548621968561,-0.037951379235782956,3,30,1,0,3214.6249825119185,91.322709601098,3248.25
215,2025-01-31,3248.25,ethereum,1,3114.44,3076.49,3173.53,3332.58,3309.45,3146.3933333333334,90.22824409979629,3210.9957142857143,93.75611515295859,3320.13,3076.49,133.80999999999995,0.04296438525063895,-0.025304718866463793,4,31,1,0,3220.7386220552057,91.00424456522062,3296.39
216,2025-02-01,3296.39,ethereum,1,3248.25,3114.44,3076.49,3311.85,3477.28,3219.693333333333,94.27652429599551,3208.7871428571425,91.12967623381293,3320.13,3076.49,48.13999999999987,0.014820287847302271,-0.004668085813065215,5,1,2,1,3234.4934180451683,88.2332789572799,3125.04
217,2025-02-02,3125.04,ethereum,1,3296.39,3248.25,3114.44,3320.13,3309.1,3223.226666666667,88.37324840319889,3180.9171428571426,80.62971034599583,3296.39,3076.49,-171.3499999999999,-0.05198110660449762,-0.05875974735929024,6,2,2,1,3214.5927965824103,94.71589621364116,2862.7
218,2025-02-03,2862.7,ethereum,1,3125.04,3296.39,3248.25,3232.28,3208.14,3094.7099999999996,218.43004761249847,3128.12,140.30807769572283,3296.39,2862.7,-262.34000000000015,-0.083947725469114,-0.11434034180207175,0,3,2,0,3150.612288112881,140.06411135221916,2877.81
219,2025-02-04,2877.81,ethereum,1,2862.7,3125.04,3296.39,3173.53,3263.07,2955.183333333333,147.2940712769175,3085.8742857142856,166.44231501806618,3296.39,2862.7,15.110000000000127,0.00527823383519066,-0.09318330061477287,1,4,2,0,3101.0118720923565,159.26221140691356,2740.38
220,2025-02-05,2740.38,ethereum,1,2877.81,2862.7,3125.04,3076.49,3326.03,2826.963333333333,75.36300971516323,3037.8585714285714,211.8796593531812,3296.39,2740.38,-137.42999999999984,-0.04775506374639038,-0.10925112709613871,2,5,2,0,3035.442440802837,186.62529186997682,2790.55
221,2025-02-06,2790.55,ethereum,1,2740.38,2877.81,2862.7,3114.44,3237.3,2802.9133333333334,69.54416031075115,2991.5885714285714,227.18141219655152,3296.39,2740.38,50.17000000000007,0.018307679956794276,-0.10399622404027686,3,6,2,0,2990.9165424750486,197.17043111649713,2686.66
222,2025-02-07,2686.66,ethereum,1,2790.55,2740.38,2877.81,3248.25,3332.58,2739.1966666666667,51.955107865604674,2911.3614285714284,220.49941341029685,3296.39,2686.66,-103.89000000000033,-0.03722922004622753,-0.17289001770183954,4,7,2,0,2935.5971711159486,217.05253129906654,2623.45
223,2025-02-08,2623.45,ethereum,1,2686.66,2790.55,2740.38,3296.39,3311.85,2700.22,84.37124924992375,2815.227142857143,164.1510135732972,3125.04,2623.45,-63.210000000000036,-0.023527353665889983,-0.20414453386886866,5,8,2,1,2878.8431400039576,241.0612061535854,2635.6
224,2025-02-09,2635.6,ethereum,1,2623.45,2686.66,2790.55,3125.04,3320.13,2648.57,33.54164128351519,2745.307142857143,103.06437368851789,2877.81,2623.45,12.150000000000091,0.004631306104557087,-0.15661879527942046,6,9,2,1,2834.6171145486924,249.2228147238698,2632.54
225,2025-02-10,2632.54,ethereum,1,2635.6,2623.45,2686.66,2862.7,3232.28,2630.5299999999997,6.3194699138263735,2712.4271428571424,95.83081927963465,2877.81,2623.45,-3.0599999999999454,-0.0011610259523447963,-0.08039962273378276,0,10,2,0,2797.8758209943844,225.44253541275893,2660.3
226,2025-02-11,2660.3,ethereum,1,2632.54,2635.6,2623.45,2877.81,3173.53,2642.813333333333,15.220989893080825,2681.3542857142857,62.86011980501473,2790.55,2623.45,27.76000000000022,0.010544948984630986,-0.07558177920015563,1,11,2,0,2772.8620353590413,157.96004565501156,2603.03
227,2025-02-12,2603.03,ethereum,1,2660.3,2632.54,2635.6,2740.38,3076.49,2631.956666666667,28.63945588388693,2661.7328571428575,62.8013051122768,2790.55,2603.03,-57.26999999999998,-0.021527647257828075,-0.05012078616834159,2,12,2,0,2741.9834834755793,101.30017086746703,2736.27
228,2025-02-13,2736.27,ethereum,1,2603.03,2660.3,2632.54,2790.55,3114.44,2666.5333333333333,66.83835151562027,2653.9785714285713,45.101829759054,2736.27,2603.03,133.23999999999978,0.051186501884342483,-0.019451362634606117,3,13,2,0,2740.944668298201,87.21564187562963,2675.71
229,2025-02-14,2675.71,ethereum,1,2736.27,2603.03,2660.3,2686.66,3248.25,2671.67,66.71181004883891,2652.414285714286,43.95471262447728,2736.27,2603.03,-60.559999999999945,-0.022132318813567364,-0.00407569249551476,4,14,2,0,2729.08381951671,60.3749842328054,2724.67
230,2025-02-15,2724.67,ethereum,1,2675.71,2736.27,2603.03,2623.45,3296.39,2712.2166666666667,32.143312419947016,2666.874285714286,49.17726061810059,2736.27,2603.03,48.960000000000036,0.018297947086941324,0.038582782214259925,5,15,2,1,2728.281306877308,58.767432553152126,2692.82
231,2025-02-16,2692.82,ethereum,1,2724.67,2675.71,2736.27,2635.6,3125.04,2697.7333333333336,24.84705280966134,2675.0485714285714,47.850085833587094,2736.27,2603.03,-31.84999999999991,-0.011689489002337905,0.021710426468356525,6,16,2,1,2721.833796535979,44.0456942655439,2659.9
232,2025-02-17,2659.9,ethereum,1,2692.82,2724.67,2675.71,2632.54,2862.7,2692.4633333333336,32.38647299917073,2678.957142857143,44.82065435866425,2736.27,2603.03,-32.92000000000007,-0.012225102309103453,0.010393004474765766,0,17,2,0,2710.57310625671,43.535570246260846,2741.91
233,2025-02-18,2741.91,ethereum,1,2659.9,2692.82,2724.67,2660.3,2877.81,2698.21,41.26983280790887,2690.6157142857146,49.525857844506305,2741.91,2603.03,82.00999999999976,0.030831986164893355,0.030676991316768598,1,18,2,0,2716.2707233009446,47.115534887955704,2669.49
234,2025-02-19,2669.49,ethereum,1,2741.91,2659.9,2692.82,2603.03,2740.38,2690.433333333333,44.83723266801794,2700.11,33.81545948225889,2741.91,2659.9,-72.42000000000007,-0.026412245478516838,0.025531784113129508,2,19,2,0,2707.7651372462274,45.03774964775341,2714.8
235,2025-02-20,2714.8,ethereum,1,2669.49,2741.91,2659.9,2736.27,2790.55,2708.733333333333,36.5891709844081,2697.042857142857,30.83101993889336,2741.91,2659.9,45.3100000000004,0.016973279540286823,-0.007846447901705522,3,20,2,0,2709.0442032014585,42.93766334273064,2741.59
236,2025-02-21,2741.59,ethereum,1,2714.8,2669.49,2741.91,2675.71,2686.66,2708.6266666666666,36.44427298391696,2706.4542857142856,33.19799936594295,2741.91,2659.9,26.789999999999964,0.009868130249005347,0.024621502330222755,4,21,2,0,2714.961620801193,44.78896427817254,2658.35
237,2025-02-22,2658.35,ethereum,1,2741.59,2714.8,2669.49,2724.67,2623.45,2704.9133333333334,42.49157602779886,2696.98,36.43834610218912,2741.91,2658.35,-83.24000000000024,-0.030361943251908663,-0.024340562343329708,5,22,2,1,2704.6685988373397,34.18971757382713,2764.36
238,2025-02-23,2764.36,ethereum,1,2658.35,2741.59,2714.8,2692.82,2635.6,2721.4333333333334,55.80545164521511,2707.2000000000003,44.268382998814566,2764.36,2658.35,106.01000000000022,0.03987811988639578,0.026566944689953242,6,23,2,1,2715.521580866914,38.26963954770653,2827.18
239,2025-02-24,2827.18,ethereum,1,2764.36,2658.35,2741.59,2659.9,2632.54,2749.963333333333,85.33076955780267,2731.097142857143,57.6173219654726,2827.18,2658.35,62.81999999999971,0.0227249706984618,0.06288958231512454,0,24,2,0,2735.8231116183842,52.86324243849693,2503.1
240,2025-02-25,2503.1,ethereum,1,2827.18,2764.36,2658.35,2741.91,2660.3,2698.213333333333,171.86767506813524,2696.9814285714283,102.98635855109794,2827.18,2503.1,-324.0799999999999,-0.11463012613275414,-0.08709622124723271,1,25,2,0,2693.5098185968595,86.3112637171115,2495.32
241,2025-02-26,2495.32,ethereum,1,2503.1,2827.18,2764.36,2669.49,2603.03,2608.5333333333333,189.39352083248474,2672.1,128.5917927655671,2827.18,2495.32,-7.779999999999745,-0.0031081458990850352,-0.06524467220330465,2,26,2,0,2657.475306124703,107.46662696442807,2325.85
242,2025-02-27,2325.85,ethereum,1,2495.32,2503.1,2827.18,2714.8,2736.27,2441.423333333333,100.16500703001324,2616.535714285714,180.58660829428416,2827.18,2325.85,-169.47000000000025,-0.06791513713672004,-0.143270222484161,3,27,2,0,2597.1797959202113,154.99014859374694,2305.32
243,2025-02-28,2305.32,ethereum,1,2325.85,2495.32,2503.1,2741.59,2675.71,2375.4966666666664,104.27652484294654,2554.2114285714283,203.99982389113296,2827.18,2305.32,-20.529999999999745,-0.00882688049530267,-0.15913028571011711,4,28,2,0,2544.1143784801725,183.31044615927382,2235.2
244,2025-03-01,2235.2,ethereum,1,2305.32,2325.85,2495.32,2658.35,2724.67,2288.7900000000004,47.53195030699922,2493.7614285714285,229.14318699802618,2827.18,2235.2,-70.12000000000035,-0.030416601599778104,-0.15917768540636112,5,1,3,1,2487.9481278474136,214.02996555778785,2212.82
245,2025-03-02,2212.82,ethereum,1,2235.2,2305.32,2325.85,2764.36,2692.82,2251.1133333333332,48.25959110187117,2414.9700000000003,214.97576444797713,2827.18,2212.82,-22.379999999999654,-0.010012526843235392,-0.19951815248375748,6,2,3,1,2437.9248318751565,231.11985815204997,2517.34
246,2025-03-03,2517.34,ethereum,1,2212.82,2235.2,2305.32,2827.18,2659.9,2321.786666666667,169.72343896268706,2370.707142857143,131.74192254986397,2517.34,2212.82,304.52,0.137616254372249,-0.10959330498942399,0,3,3,0,2452.363953352401,216.21808107145858,2148.2
247,2025-03-04,2148.2,ethereum,1,2517.34,2212.82,2235.2,2503.1,2741.91,2292.7866666666664,197.13468932006998,2320.0071428571428,140.31140066699356,2517.34,2148.2,-369.1400000000003,-0.1466389125028802,-0.14178418760736688,1,4,3,0,2397.061416379237,230.35831212603887,2171.5
248,2025-03-05,2171.5,ethereum,1,2148.2,2517.34,2212.82,2495.32,2669.49,2279.0133333333333,206.7254762561217,2273.747142857143,125.47482838056759,2517.34,2148.2,23.300000000000182,0.010846289917139984,-0.12977093118317495,2,5,3,0,2356.0502497648304,211.23319730941432,2241.38
249,2025-03-06,2241.38,ethereum,1,2171.5,2148.2,2517.34,2325.85,2714.8,2187.0266666666666,48.49160889596147,2261.68,123.67781261537242,2517.34,2148.2,69.88000000000011,0.032180520377619315,-0.0363179052819399,3,6,3,0,2335.201113443952,141.29927404469703,2202.32
250,2025-03-07,2202.32,ethereum,1,2241.38,2171.5,2148.2,2305.32,2741.59,2205.066666666667,35.0208756789312,2246.9657142857145,123.74759026028624,2517.34,2148.2,-39.059999999999945,-0.017426763868688022,-0.0446792636163309,4,7,3,0,2311.040910999597,128.3746322509187,2140.75
251,2025-03-08,2140.75,ethereum,1,2202.32,2241.38,2171.5,2235.2,2658.35,2194.816666666667,50.732871329336334,2233.4728571428573,130.2240006954641,2517.34,2140.75,-61.570000000000164,-0.027956881833702707,-0.04225572655690757,5,8,3,1,2280.0789271814883,111.89989869920431,2200.0
252,2025-03-09,2200.0,ethereum,1,2140.75,2202.32,2241.38,2212.82,2764.36,2181.023333333333,34.89701467631263,2231.6414285714286,130.65230887464276,2517.34,2140.75,59.25,0.027677215928996857,-0.0057935123507560915,6,9,3,1,2265.5191222393996,109.48077294922125,2017.27
253,2025-03-10,2017.27,ethereum,1,2200.0,2140.75,2202.32,2517.34,2827.18,2119.34,93.22743319422962,2160.2028571428573,71.9111768581976,2241.38,2017.27,-182.73000000000002,-0.08305909090909092,-0.19865016247308676,0,10,3,0,2220.382918195872,126.25766571228326,1879.12
254,2025-03-11,1879.12,ethereum,1,2017.27,2200.0,2140.75,2148.2,2503.1,2032.13,160.9552990739458,2121.7628571428572,128.80694400457227,2241.38,1879.12,-138.1500000000001,-0.06848364373633675,-0.1252583558327902,1,11,3,0,2158.3351148875317,162.8546542165859,1921.31
255,2025-03-12,1921.31,ethereum,1,1879.12,2017.27,2200.0,2171.5,2495.32,1939.2333333333333,70.79752844072567,2086.0214285714287,146.23770004438876,2241.38,1879.12,42.190000000000055,0.02245199880795279,-0.11521528897075761,2,12,3,0,2115.239639453435,180.12340605819088,1910.66
256,2025-03-13,1910.66,ethereum,1,1921.31,1879.12,2017.27,2241.38,2325.85,1903.6966666666667,21.940032664398075,2038.7757142857142,141.0100656994299,2202.32,1879.12,-10.649999999999864,-0.005543092993842702,-0.14755195459939863,3,13,3,0,2078.043341370992,137.50168818763146,1862.79
257,2025-03-14,1862.79,ethereum,1,1910.66,1921.31,1879.12,2202.32,2305.32,1898.2533333333333,31.17036466444969,1990.2714285714285,133.57807322912072,2200.0,1862.79,-47.87000000000012,-0.02505416976332797,-0.1541692397108505,4,14,3,0,2038.9063702126298,151.43727025480396,1910.67
258,2025-03-15,1910.67,ethereum,1,1862.79,1910.66,1921.31,2140.75,2235.2,1894.7066666666667,27.640644589349314,1957.402857142857,117.74888247365352,2200.0,1862.79,47.88000000000011,0.025703380413251153,-0.10747635174588344,5,15,3,1,2015.5906665376062,151.54889567031924,1939.79
259,2025-03-16,1939.79,ethereum,1,1910.67,1862.79,1910.66,2200.0,2212.82,1904.4166666666667,38.87901919178089,1920.23,49.95478922636742,2017.27,1862.79,29.11999999999989,0.015240727074795624,-0.11827727272727273,6,16,3,1,2001.8087271671322,133.43168487616956,1887.76
260,2025-03-17,1887.76,ethereum,1,1939.79,1910.67,1862.79,2017.27,2517.34,1912.74,26.07669265803578,1901.7285714285715,26.50253159485327,1939.79,1862.79,-52.02999999999997,-0.026822491094396828,-0.06420062758083944,0,17,3,0,1981.0725949549262,115.97028103979518,1929.18
261,2025-03-18,1929.18,ethereum,1,1887.76,1939.79,1910.67,1879.12,2148.2,1918.91,27.493361016466245,1908.8799999999999,26.136621816599302,1939.79,1862.79,41.42000000000007,0.0219413484765012,0.026640129422282888,1,18,3,0,1971.637577690394,98.7770417826837,1932.8
262,2025-03-19,1932.8,ethereum,1,1929.18,1887.76,1939.79,1921.31,2171.5,1916.58,25.024396096244008,1910.5214285714285,27.378639744692872,1939.79,1862.79,3.619999999999891,0.0018764449144195172,0.0059802946947655755,2,19,3,0,1964.5761999285041,42.496148649081135,2060.73
263,2025-03-20,2060.73,ethereum,1,1932.8,1929.18,1887.76,1910.66,2241.38,1974.2366666666667,74.92728897615248,1931.9599999999998,63.03814823832985,2060.73,1862.79,127.93000000000006,0.06618894867549674,0.07854353992861096,3,20,3,0,1982.0587090324125,54.2454222236956,1980.83
264,2025-03-21,1980.83,ethereum,1,2060.73,1932.8,1929.18,1862.79,2202.32,1991.4533333333331,64.62323601705592,1948.8228571428572,56.94462974791784,2060.73,1887.76,-79.90000000000009,-0.03877266793806078,0.06336731461946865,4,21,3,0,1981.8353073901553,54.538069843247776,1964.53
265,2025-03-22,1964.53,ethereum,1,1980.83,2060.73,1932.8,1910.67,2140.75,2002.03,51.48485214102227,1956.517142857143,54.5172827990743,2060.73,1887.76,-16.299999999999955,-0.00822887375494108,0.028189064568973077,5,22,3,1,1978.6888878646726,55.1603104495762,1979.54
266,2025-03-23,1979.54,ethereum,1,1964.53,1980.83,2060.73,1939.79,2200.0,1974.9666666666665,9.061403495919787,1962.195714285714,54.5547678505088,2060.73,1887.76,15.009999999999991,0.007640504344550658,0.020491908917975588,6,23,3,1,1978.843635525641,55.66883325129303,2001.05
267,2025-03-24,2001.05,ethereum,1,1979.54,1964.53,1980.83,1887.76,2017.27,1981.7066666666667,18.35615518881777,1978.3799999999999,44.707938146579956,2060.73,1929.18,21.50999999999999,0.010866160825242277,0.06001292537186931,0,24,3,0,1982.8811563391607,49.88972991624406,2077.74
268,2025-03-25,2077.74,ethereum,1,2001.05,1979.54,1964.53,1929.18,1879.12,2019.4433333333334,51.619240921544886,1999.6028571428571,52.10838119210404,2077.74,1932.8,76.68999999999983,0.03832487943829488,0.0770068111840263,1,25,3,0,2000.1282188229495,59.13945688891403,2068.6
269,2025-03-26,2068.6,ethereum,1,2077.74,2001.05,1979.54,1932.8,1921.31,2049.1299999999997,41.888539005121594,2019.0028571428572,48.22717826905561,2077.74,1964.53,-9.139999999999873,-0.00439901046329183,0.07026076158940397,2,26,3,0,2012.577633582413,64.32342984225292,2009.88
270,2025-03-27,2009.88,ethereum,1,2068.6,2077.74,2001.05,2060.73,1910.66,2052.0733333333333,36.82516711865636,2011.7385714285715,44.58670856811487,2077.74,1964.53,-58.7199999999998,-0.028386348254858307,-0.024675721710267662,3,27,3,0,2012.087154749247,53.861416575876326,2003.3
271,2025-03-28,2003.3,ethereum,1,2009.88,2068.6,2077.74,1980.83,1862.79,2027.26,35.95234067461123,2014.9485714285713,42.76211034242884,2077.74,1964.53,-6.580000000000155,-0.003273827293171827,0.011343729648682688,4,28,3,0,2010.4894902493838,47.70647382115924,1896.92
272,2025-03-29,1896.92,ethereum,1,2003.3,2009.88,2068.6,1964.53,1910.67,1970.0333333333335,63.40342051747582,2005.2899999999997,60.14882071428208,2077.74,1896.92,-106.37999999999988,-0.05310238107123244,-0.03441535634477455,5,29,3,1,1989.840492022223,54.8036715720972,1829.27
273,2025-03-30,1829.27,ethereum,1,1896.92,2003.3,2009.88,1979.54,1939.79,1909.83,87.73033283865814,1983.8228571428572,90.18628327224349,2077.74,1829.27,-67.65000000000009,-0.035663074879278,-0.07591157541651095,6,30,3,1,1960.6458571090916,73.88453427104372,1805.34
274,2025-03-31,1805.34,ethereum,1,1829.27,1896.92,2003.3,2001.05,1887.76,1843.8433333333332,47.497480283844666,1955.8642857142856,111.72061729401656,2077.74,1805.34,-23.930000000000064,-0.013081721123726964,-0.0978036530821319,0,31,3,0,1932.408428543802,92.47541115227561,1824.21
275,2025-04-01,1824.21,ethereum,1,1805.34,1829.27,1896.92,2077.74,1929.18,1819.6066666666666,12.611670520350982,1919.6457142857143,106.60334951846258,2068.6,1805.34,18.87000000000012,0.010452324769849586,-0.12202200467815982,1,1,4,0,1912.7359869903835,102.43145287895499,1907.17
276,2025-04-02,1907.17,ethereum,1,1824.21,1805.34,1829.27,2068.6,1932.8,1845.5733333333335,54.172236739073654,1896.5842857142857,84.09429486329678,2009.88,1805.34,82.96000000000004,0.0454772202761744,-0.07803828676399494,2,2,4,0,1911.7239893557683,102.63625705483872,1795.76
277,2025-04-03,1795.76,ethereum,1,1907.17,1824.21,1805.34,2009.88,2060.73,1842.38,57.884874535416074,1865.9957142857143,74.39880753001277,2003.3,1795.76,-111.41000000000008,-0.05841639707000423,-0.10653372340637257,3,3,4,0,1890.6396276547193,109.8663480426422,1818.28
278,2025-04-04,1818.28,ethereum,1,1795.76,1907.17,1824.21,2003.3,1980.83,1840.4033333333334,58.907796031715264,1839.564285714286,44.24378482025178,1907.17,1795.76,22.519999999999982,0.012540651311979234,-0.0923576099435931,4,4,4,0,1877.4833317174975,99.05809014582397,1814.48
279,2025-04-05,1814.48,ethereum,1,1818.28,1795.76,1907.17,1896.92,1964.53,1809.506666666667,12.055626624682134,1827.787142857143,36.77342958974532,1907.17,1795.76,-3.7999999999999545,-0.0020898871460940383,-0.04345992450920444,5,5,4,1,1866.0281804961344,80.72246932824453,1809.94
280,2025-04-06,1809.94,ethereum,1,1814.48,1818.28,1795.76,1829.27,1979.54,1814.2333333333333,4.175468035299562,1825.0257142857142,37.36454195116647,1907.17,1795.76,-4.539999999999964,-0.0025020942639213395,-0.010567056804080321,6,6,4,1,1855.8303294968373,65.72044076578791,1788.8
281,2025-04-07,1788.8,ethereum,1,1809.94,1814.48,1818.28,1805.34,2001.05,1804.4066666666668,13.705069620898565,1822.662857142857,39.29026033414896,1907.17,1788.8,-21.1400000000001,-0.011679945191553354,-0.00916170915173875,0,7,4,0,1843.6429968610487,40.43713228930609,1788.8
282,2025-04-08,1788.8,ethereum,1,1788.8,1809.94,1814.48,1824.21,2077.74,1795.8466666666666,12.205184689858754,1817.6042857142859,41.28664588645681,1907.17,1788.8,0.0,0.0,-0.019411142357513733,1,8,4,0,1833.6715428863124,34.24430406821267,1788.8
283,2025-04-09,1788.8,ethereum,1,1788.8,1788.8,1809.94,1907.17,2068.6,1788.8,0.0,1800.6942857142858,13.124758863310495,1818.28,1788.8,0.0,0.0,-0.06206578333342083,2,9,4,0,1825.5130805433464,35.17020355048981,1788.8
284,2025-04-10,1788.8,ethereum,1,1788.8,1788.8,1788.8,1795.76,2009.88,1788.8,0.0,1799.7000000000003,13.806776113510395,1818.28,1788.8,0.0,0.0,-0.0038757963202209478,3,10,4,0,1818.8379749900107,36.00987957035929,1788.8
285,2025-04-11,1788.8,ethereum,1,1788.8,1788.8,1788.8,1818.28,2003.3,1788.8,0.0,1795.4885714285715,11.497848245109763,1814.48,1788.8,0.0,0.0,-0.01621312449127743,4,11,4,0,1813.376524991827,36.46895972383167,1788.8
286,2025-04-12,1788.8,ethereum,1,1788.8,1788.8,1788.8,1814.48,1896.92,1788.8,0.0,1791.82,7.990168958275775,1809.94,1788.8,0.0,0.0,-0.014152815131608043,5,12,4,1,1808.9080659024037,12.159364201426541,1788.8
287,2025-04-13,1788.8,ethereum,1,1788.8,1788.8,1788.8,1809.94,1829.27,1788.8,0.0,1788.8,0.0,1788.8,1788.8,0.0,0.0,-0.011679945191553354,6,13,4,1,1805.2520539201485,12.442147903380748,1788.8
288,2025-04-14,1788.8,ethereum,1,1788.8,1788.8,1788.8,1788.8,1805.34,1788.8,0.0,1788.8,0.0,1788.8,1788.8,0.0,0.0,0.0,0,14,4,0,1802.2607713892123,9.928358709869022,1788.8
289,2025-04-15,1788.8,ethereum,1,1788.8,1788.8,1788.8,1788.8,1824.21,1788.8,0.0,1788.8,0.0,1788.8,1788.8,0.0,0.0,0.0,1,15,4,0,1799.8133584093555,6.685054973982745,1788.8
290,2025-04-16,1788.8,ethereum,1,1788.8,1788.8,1788.8,1788.8,1907.17,1788.8,0.0,1788.8,0.0,1788.8,1788.8,0.0,0.0,0.0,2,16,4,0,1797.8109296076543,0.0,1788.8
291,2025-04-17,1788.8,ethereum,1,1788.8,1788.8,1788.8,1788.8,1795.76,1788.8,0.0,1788.8,0.0,1788.8,1788.8,0.0,0.0,0.0,3,17,4,0,1796.1725787698988,0.0,1788.8
292,2025-04-18,1788.8,ethereum,1,1788.8,1788.8,1788.8,1788.8,1818.28,1788.8,0.0,1788.8,0.0,1788.8,1788.8,0.0,0.0,0.0,4,18,4,0,1794.8321099026443,0.0,1788.8
293,2025-04-19,1788.8,ethereum,1,1788.8,1788.8,1788.8,1788.8,1814.48,1788.8,0.0,1788.8,0.0,1788.8,1788.8,0.0,0.0,0.0,5,19,4,1,1793.735362647618,0.0,1788.8
294,2025-04-20,1788.8,ethereum,1,1788.8,1788.8,1788.8,1788.8,1809.94,1788.8,0.0,1788.8,0.0,1788.8,1788.8,0.0,0.0,0.0,6,20,4,1,1792.8380239844148,0.0,1788.8
295,2025-04-21,1788.8,ethereum,1,1788.8,1788.8,1788.8,1788.8,1788.8,1788.8,0.0,1788.8,0.0,1788.8,1788.8,0.0,0.0,0.0,0,21,4,0,1792.1038378054302,0.0,1788.8
296,2025-04-22,1788.8,ethereum,1,1788.8,1788.8,1788.8,1788.8,1788.8,1788.8,0.0,1788.8,0.0,1788.8,1788.8,0.0,0.0,0.0,1,22,4,0,1791.5031400226246,0.0,1788.8
297,2025-04-23,1788.8,ethereum,1,1788.8,1788.8,1788.8,1788.8,1788.8,1788.8,0.0,1788.8,0.0,1788.8,1788.8,0.0,0.0,0.0,2,23,4,0,1791.011660018511,0.0,1793.97
298,2025-04-24,1793.97,ethereum,1,1788.8,1788.8,1788.8,1788.8,1788.8,1790.5233333333333,2.984900888386579,1789.5385714285715,1.9540763207887748,1793.97,1788.8,5.170000000000073,0.0028902057245081547,0.0028902057245081547,3,24,4,0,1791.5495400151453,1.634897551889818,1788.8
299,2025-04-25,1788.8,ethereum,1,1793.97,1788.8,1788.8,1788.8,1788.8,1790.5233333333333,2.984900888386579,1789.5385714285715,1.9540763207887748,1793.97,1788.8,-5.170000000000073,-0.0028818765085257825,0.0,4,25,4,0,1791.0496236487552,1.634897551889818,1788.8
300,2025-04-26,1788.8,ethereum,1,1788.8,1793.97,1788.8,1788.8,1788.8,1790.5233333333333,2.984900888386579,1789.5385714285715,1.9540763207887748,1793.97,1788.8,0.0,0.0,0.0,5,26,4,1,1790.6406011671631,1.634897551889818,1821.27
301,2025-04-27,1821.27,ethereum,1,1788.8,1788.8,1793.97,1788.8,1788.8,1799.6233333333332,18.74656324006114,1794.1771428571428,12.101199270789602,1821.27,1788.8,32.47000000000003,0.01815183363148476,0.01815183363148476,6,27,4,1,1796.2095827731332,10.216287867075021,1793.69
302,2025-04-28,1793.69,ethereum,1,1821.27,1788.8,1788.8,1788.8,1788.8,1801.2533333333333,17.506519737333075,1794.8757142857141,11.878143593169025,1821.27,1788.8,-27.579999999999927,-0.01514327914038005,0.0027336762075134136,0,28,4,0,1795.7514768143815,10.13279499692013,1799.5
303,2025-04-29,1799.5,ethereum,1,1793.69,1821.27,1788.8,1788.8,1788.8,1804.82,14.539288152462792,1796.4042857142856,11.652294275662427,1821.27,1788.8,5.809999999999945,0.0032391327375409507,0.005981663685152183,1,29,4,0,1796.433026484494,10.198521734090559,1796.97
304,2025-04-30,1796.97,ethereum,1,1799.5,1793.69,1821.27,1788.8,1788.8,1796.72,2.9130568103360517,1797.5714285714287,11.162549631137495,1821.27,1788.8,-2.5299999999999727,-0.0014059460961377557,0.004567307692307843,2,30,4,0,1796.5306580327676,10.050897140976657,1794.05
305,2025-05-01,1794.05,ethereum,1,1796.97,1799.5,1793.69,1793.97,1788.8,1796.8400000000001,2.727324692853212,1797.5828571428572,11.158287971641718,1821.27,1788.8,-2.9200000000000728,-0.0016249575674608385,4.459383378763171e-05,3,1,5,0,1796.0796292995371,9.829214109233641,1838.85
306,2025-05-02,1838.85,ethereum,1,1794.05,1796.97,1799.5,1788.8,1788.8,1809.9566666666667,25.064918378357767,1804.7328571428573,18.325871251454146,1838.85,1788.8,44.799999999999955,0.024971433349126215,0.027979651162790775,4,2,5,0,1803.8560603359847,16.52223014287199,1841.43
307,2025-05-03,1841.43,ethereum,1,1838.85,1794.05,1796.97,1788.8,1788.8,1824.7766666666666,26.641323790568666,1812.2514285714285,21.260868928649035,1841.43,1793.69,2.5800000000001546,0.0014030508198059621,0.02942195885509835,5,3,5,1,1810.687685729442,20.334420216978806,1834.5
308,2025-05-04,1834.5,ethereum,1,1841.43,1838.85,1794.05,1821.27,1788.8,1838.26,3.5024705538733305,1814.1414285714286,22.73326082200321,1841.43,1793.69,-6.930000000000064,-0.0037633795474170118,0.007264161821146864,6,4,5,1,1815.0171974149978,21.72121809569302,1808.16
309,2025-05-05,1808.16,ethereum,1,1834.5,1841.43,1838.85,1793.69,1788.8,1828.03,17.553315925505952,1816.2085714285713,21.167632073551857,1841.43,1794.05,-26.339999999999918,-0.014358135731806998,0.008067168797283752,0,5,5,0,1813.7704342486345,20.46963214142108,1820.0
310,2025-05-06,1820.0,ethereum,1,1808.16,1834.5,1841.43,1799.5,1788.8,1820.8866666666665,13.192366478909864,1819.1371428571426,19.847647815088482,1841.43,1794.05,11.839999999999918,0.006548093089107088,0.011392053348152187,1,6,5,0,1814.9030825670645,18.905659822879002,1816.17
311,2025-05-07,1816.17,ethereum,1,1820.0,1808.16,1834.5,1796.97,1788.8,1814.7766666666666,6.041724365922937,1821.8799999999999,17.456295902882026,1841.43,1794.05,-3.8299999999999272,-0.0021043956043955703,0.01068465249837236,2,7,5,0,1815.1334311912346,18.781371267076224,1810.32
312,2025-05-08,1810.32,ethereum,1,1816.17,1820.0,1808.16,1794.05,1793.97,1815.4966666666667,4.875000852697107,1824.2042857142858,13.842219061760881,1841.43,1808.16,-5.850000000000136,-0.0032210641074349455,0.009068866531033226,3,8,5,0,1814.2582618837373,17.438805546652944,2197.56
313,2025-05-09,2197.56,ethereum,1,1810.32,1816.17,1820.0,1838.85,1788.8,1941.3500000000001,221.90364733366167,1875.4485714285715,142.56448651143424,2197.56,1808.16,387.24,0.21390693358080348,0.19507300758626323,4,9,5,0,1883.9494869957848,121.20304144059007,2341.41
314,2025-05-10,2341.41,ethereum,1,2197.56,1810.32,1816.17,1841.43,1788.8,2116.43,274.68291665115333,1946.8742857142859,224.4248790320623,2341.41,1808.16,143.8499999999999,0.06545896357778624,0.27151724475000405,5,10,5,1,1967.124125723824,192.90905118159318,2583.68
315,2025-05-11,2583.68,ethereum,1,2341.41,2197.56,1810.32,1834.5,1821.27,2374.2166666666667,195.13936464312226,2053.9,320.1330897715086,2583.68,1808.16,242.26999999999998,0.10347183961800788,0.4083837557917689,6,11,5,1,2079.2251937740375,281.38289171716815,2507.47
316,2025-05-12,2507.47,ethereum,1,2583.68,2341.41,2197.56,1808.16,1793.69,2477.52,123.88074951335092,2153.8014285714285,339.21151225689084,2583.68,1810.32,-76.21000000000004,-0.0294966868962101,0.3867522785594193,0,12,5,0,2157.0878858151214,318.65510575264045,2492.43
317,2025-05-13,2492.43,ethereum,1,2507.47,2583.68,2341.41,1820.0,1799.5,2527.86,48.922946558750276,2249.862857142857,323.78954830331617,2583.68,1810.32,-15.039999999999964,-0.005998077743701757,0.36946703296703287,1,13,5,0,2218.059179303281,335.96119283169133,2676.64
318,2025-05-14,2676.64,ethereum,1,2492.43,2507.47,2583.68,1816.17,1796.97,2558.8466666666664,102.28881871115787,2372.7871428571425,293.63089209152986,2676.64,1810.32,184.21000000000004,0.0739077927965881,0.4737827406024766,2,14,5,0,2301.437510339048,360.7517708957895,2603.72
319,2025-05-15,2603.72,ethereum,1,2676.64,2492.43,2507.47,1810.32,1794.05,2590.93,92.76863209076248,2486.13,165.50381647158517,2676.64,2197.56,-72.92000000000007,-0.027243110765736156,0.43826505811127303,3,15,5,0,2356.3979630046756,351.009599932036,2542.3
320,2025-05-16,2542.3,ethereum,1,2603.72,2676.64,2492.43,2197.56,1838.85,2607.5533333333333,67.25198683551892,2535.378571428571,105.87221156161198,2676.64,2341.41,-61.41999999999962,-0.023589326041202452,0.15687398751342418,4,16,5,0,2390.198333367462,317.41366108667677,2544.39
321,2025-05-17,2544.39,ethereum,1,2542.3,2603.72,2676.64,2341.41,1841.43,2563.47,34.87318310666268,2564.375714285714,63.01469428024642,2676.64,2492.43,2.0899999999996908,0.0008220902332531921,0.08669135264648231,5,17,5,1,2418.2331818461053,257.3589757863145,2475.05
322,2025-05-18,2475.05,ethereum,1,2544.39,2542.3,2603.72,2583.68,1834.5,2520.5800000000004,39.443981796848966,2548.8571428571427,70.41041062090244,2676.64,2475.05,-69.33999999999969,-0.027252111508062726,-0.04204468045578391,6,18,5,1,2428.5635124195405,137.41786243669145,2465.34
323,2025-05-19,2465.34,ethereum,1,2475.05,2544.39,2542.3,2507.47,1808.16,2494.9266666666667,43.11075310549643,2542.8385714285714,76.10782995820368,2676.64,2465.34,-9.710000000000036,-0.003923153067614815,-0.016801796232856048,0,19,5,0,2435.2501465250784,90.92547254025877,2526.99
324,2025-05-20,2526.99,ethereum,1,2465.34,2475.05,2544.39,2492.43,1820.0,2489.1266666666666,33.14807736993172,2547.7757142857145,73.3643148624223,2676.64,2465.34,61.649999999999636,0.02500669278882417,0.013865986206232472,1,20,5,0,2451.930119884155,64.90487097798804,2524.27
325,2025-05-21,2524.27,ethereum,1,2526.99,2465.34,2475.05,2676.64,1816.17,2505.5333333333333,34.835005860818406,2526.0085714285715,46.41083042724606,2603.72,2465.34,-2.7199999999998,-0.0010763794079120537,-0.05692584733098205,2,21,5,0,2465.082825359763,63.34588559823639,2558.95
326,2025-05-22,2558.95,ethereum,1,2524.27,2526.99,2465.34,2603.72,1810.32,2536.736666666666,19.285324299159797,2519.612857142857,35.7853008529615,2558.95,2465.34,34.679999999999836,0.013738625424380091,-0.017194629222804236,3,22,5,0,2482.1495843852604,62.872399844644335,2657.17
327,2025-05-23,2657.17,ethereum,1,2558.95,2524.27,2526.99,2542.3,2197.56,2580.1299999999997,68.93509120898537,2536.022857142857,63.51610155808708,2657.17,2465.34,98.22000000000025,0.03838293049883745,0.04518349526019749,4,23,5,0,2513.9714781333946,69.91765741055922,2519.81
328,2025-05-24,2519.81,ethereum,1,2657.17,2558.95,2524.27,2544.39,2341.41,2578.643333333333,70.76590233526628,2532.511428571429,63.65572465180724,2657.17,2465.34,-137.36000000000013,-0.05169409559794824,-0.009660468717452853,5,24,5,1,2515.033027563686,56.52658675351465,2529.44
329,2025-05-25,2529.44,ethereum,1,2519.81,2657.17,2558.95,2475.05,2583.68,2568.806666666667,76.67622338981154,2540.281428571429,58.59083444487566,2657.17,2465.34,9.63000000000011,0.0038217167167367005,0.021975313630027582,6,25,5,1,2517.652477097561,52.2005511784692,2546.62
330,2025-05-26,2546.62,ethereum,1,2529.44,2519.81,2657.17,2465.34,2507.47,2531.9566666666665,13.581024752340436,2551.8928571428573,48.438101639833405,2657.17,2519.81,17.179999999999836,0.006792017205389245,0.032969083371867436,0,26,5,0,2522.919299443459,52.291257618611354,2562.17
331,2025-05-27,2562.17,ethereum,1,2546.62,2529.44,2519.81,2526.99,2492.43,2546.0766666666664,16.371763293058088,2556.9185714285713,47.233746561970264,2657.17,2519.81,15.550000000000182,0.006106132834895028,0.013921701312628931,1,27,5,0,2530.055790453739,52.95156055828948,2662.09
332,2025-05-28,2662.09,ethereum,1,2562.17,2546.62,2529.44,2524.27,2676.64,2590.293333333333,62.6619632099466,2576.6071428571427,58.690973387207706,2662.09,2519.81,99.92000000000007,0.03899819293801743,0.05459796297543451,2,28,5,0,2554.062010371241,61.19446130530954,2676.27
333,2025-05-29,2676.27,ethereum,1,2662.09,2562.17,2546.62,2558.95,2603.72,2633.51,62.18773834118829,2593.367142857143,68.70517853217632,2676.27,2519.81,14.179999999999836,0.005326641849073388,0.04584692940463864,3,29,5,0,2576.2816448491967,63.070489278110756,2633.14
334,2025-05-30,2633.14,ethereum,1,2676.27,2662.09,2562.17,2657.17,2542.3,2657.1666666666665,21.98246194869554,2589.934285714286,65.51207696727928,2676.27,2519.81,-43.13000000000011,-0.01611571328752337,-0.009043456007707507,4,30,5,0,2586.619527603888,62.766717480969135,2524.48
335,2025-05-31,2524.48,ethereum,1,2633.14,2676.27,2662.09,2519.81,2544.39,2611.2966666666666,78.21700220108805,2590.6014285714286,64.69766338604781,2676.27,2524.48,-108.65999999999985,-0.041266320818490465,0.0018533143371921579,5,31,5,1,2575.321431675908,62.74343120998774,2532.36
336,2025-06-01,2532.36,ethereum,1,2524.48,2633.14,2676.27,2529.44,2475.05,2563.3266666666664,60.58836301901685,2591.0185714285717,64.2454297799801,2676.27,2524.48,7.880000000000109,0.0031214349093675597,0.0011544057182617529,6,1,6,1,2567.5102622802883,64.6008361229191,2538.33
337,2025-06-02,2538.33,ethereum,1,2532.36,2524.48,2633.14,2546.62,2465.34,2531.7233333333334,6.946915381925763,2589.8342857142857,65.26853015478983,2676.27,2524.48,5.9699999999998,0.002357484717812497,-0.003255295254101509,0,2,6,0,2562.2047600475084,60.51941294606096,2609.74
338,2025-06-03,2609.74,ethereum,1,2538.33,2532.36,2524.48,2562.17,2526.99,2560.1433333333334,43.05557145508724,2596.63,64.37848864329925,2676.27,2524.48,71.40999999999985,0.028132669905016172,0.01856629341534699,1,3,6,0,2570.8475309479613,58.471694044613784,2595.47
339,2025-06-04,2595.47,ethereum,1,2609.74,2538.33,2532.36,2662.09,2524.27,2581.18,37.78888857840571,2587.112857142857,57.66258281709279,2676.27,2524.48,-14.269999999999982,-0.005467977652946265,-0.025025449928439802,2,4,6,0,2575.3243435028776,55.60188487015134,2610.34
340,2025-06-05,2610.34,ethereum,1,2595.47,2609.74,2538.33,2676.27,2558.95,2605.183333333333,8.41734122659451,2577.694285714286,44.57087683566269,2633.14,2524.48,14.870000000000346,0.005729212820799523,-0.024635033087095026,3,5,6,0,2581.690826502354,53.95093994652492,2421.6
341,2025-06-06,2421.6,ethereum,1,2610.34,2595.47,2609.74,2633.14,2657.17,2542.47,104.94020630811885,2547.4742857142855,66.85536424675216,2610.34,2421.6,-188.74000000000024,-0.07230475723468988,-0.08033754376903623,4,6,6,0,2552.583403501926,76.77700347255484,2481.4
342,2025-06-07,2481.4,ethereum,1,2421.6,2610.34,2595.47,2524.48,2519.81,2504.4466666666667,96.45754782972277,2541.32,71.16856258204429,2610.34,2421.6,59.80000000000018,0.024694416914436745,-0.01706490049435916,5,7,6,1,2539.640966501576,76.67298945668387,2526.29
343,2025-06-08,2526.29,ethereum,1,2481.4,2421.6,2610.34,2532.36,2529.44,2476.43,52.52165934154644,2540.452857142857,71.33271986826145,2610.34,2421.6,44.88999999999987,0.01809059401950508,-0.002396973574057437,6,8,6,1,2537.213518046744,65.80339779307518,2508.78
344,2025-06-09,2508.78,ethereum,1,2526.29,2481.4,2421.6,2538.33,2546.62,2505.4900000000002,22.625120993929205,2536.2314285714283,72.3464600443355,2610.34,2421.6,-17.509999999999764,-0.006931112421772578,-0.011641512332911663,0,9,6,0,2532.04378749279,59.20140678698586,2685.0
345,2025-06-10,2685.0,ethereum,1,2508.78,2526.29,2481.4,2609.74,2562.17,2573.3566666666666,97.08154012645456,2546.9828571428575,88.81017860472978,2685.0,2421.6,176.2199999999998,0.07024131251046306,0.02883812180523737,1,10,6,0,2559.854007948646,75.56804695844457,2808.5
346,2025-06-11,2808.5,ethereum,1,2685.0,2508.78,2526.29,2595.47,2662.09,2667.4266666666667,150.63079410706814,2577.4157142857143,133.46696743102086,2808.5,2421.6,123.5,0.04599627560521413,0.08207761985305173,2,11,6,0,2605.0623701398013,110.4366813306875,2776.14
347,2025-06-12,2776.14,ethereum,1,2808.5,2685.0,2508.78,2610.34,2676.27,2756.5466666666666,64.03894544203114,2601.1014285714286,153.49312149935125,2808.5,2421.6,-32.36000000000013,-0.011522164856685113,0.0635166300175456,3,12,6,0,2636.1673937507467,125.40491016437804,2653.16
348,2025-06-13,2653.16,ethereum,1,2776.14,2808.5,2685.0,2421.6,2633.14,2745.933333333333,81.95706762279417,2634.1814285714286,131.77642510814263,2808.5,2481.4,-122.98000000000002,-0.04429891864243163,0.09562272877436406,4,13,6,0,2639.256958523338,126.4375656027825,2577.05
349,2025-06-14,2577.05,ethereum,1,2653.16,2776.14,2808.5,2481.4,2524.48,2668.7833333333333,100.46030775050374,2647.845714285714,117.47695062678429,2808.5,2508.78,-76.10999999999967,-0.028686547362390402,0.03854678810348999,5,14,6,1,2627.9466024281855,126.75261252623001,2534.07
350,2025-06-15,2534.07,ethereum,1,2577.05,2653.16,2776.14,2526.29,2532.36,2588.0933333333337,60.30815395387762,2648.957142857143,116.16473801089275,2808.5,2508.78,-42.98000000000002,-0.0166779845171805,0.0030796147710674404,6,15,6,1,2610.8781292594244,128.66421374605798,2547.85
351,2025-06-16,2547.85,ethereum,1,2534.07,2577.05,2653.16,2508.78,2538.33,2552.9900000000002,21.946179621763374,2654.5385714285717,109.02632303385425,2808.5,2534.07,13.779999999999745,0.005437892402340827,0.015573306547405297,0,16,6,0,2599.4184693940742,114.98634114055129,2561.33
352,2025-06-17,2561.33,ethereum,1,2547.85,2534.07,2577.05,2685.0,2609.74,2547.75,13.630275125271977,2636.871428571428,113.20738954509686,2808.5,2534.07,13.480000000000018,0.005290735325862883,-0.046059590316573584,1,17,6,0,2592.493293140606,107.60875202428721,2514.99
353,2025-06-18,2514.99,ethereum,1,2561.33,2547.85,2534.07,2808.5,2595.47,2541.39,23.835846953496368,2594.941428571429,91.27551705841542,2776.14,2514.99,-46.340000000000146,-0.018092163055912436,-0.10450774434751653,2,18,6,0,2578.401785296859,108.73015671326522,2521.33
354,2025-06-19,2521.33,ethereum,1,2514.99,2561.33,2547.85,2776.14,2610.34,2532.5499999999997,25.12499154209491,2558.54,47.07722768665607,2653.16,2514.99,6.3400000000001455,0.0025208847748898755,-0.09178571685865988,3,19,6,0,2568.0250970610664,107.41069125351481,2522.18
355,2025-06-20,2522.18,ethereum,1,2521.33,2514.99,2561.33,2653.16,2421.6,2519.5,3.928829340923541,2539.828571428571,23.1512220184288,2577.05,2514.99,0.849999999999909,0.0003371236609248651,-0.04936754662364884,4,20,6,0,2559.689624868145,108.45176060249172,2405.7
356,2025-06-21,2405.7,ethereum,1,2522.18,2521.33,2514.99,2577.05,2481.4,2483.0699999999997,67.00573333670363,2515.35,51.033502394606984,2561.33,2405.7,-116.48000000000002,-0.04618227089264049,-0.06649075493296608,5,21,6,1,2531.691511255755,97.3246636549961,2270.58
357,2025-06-22,2270.58,ethereum,1,2405.7,2522.18,2521.33,2534.07,2526.29,2399.486666666666,125.91502743247605,2477.7085714285713,104.2994764174071,2561.33,2270.58,-135.1199999999999,-0.0561666043147524,-0.10397897453503657,6,22,6,1,2484.216691027436,104.42035904087388,2227.43
358,2025-06-23,2227.43,ethereum,1,2270.58,2405.7,2522.18,2547.85,2508.78,2301.236666666666,93.00495488585192,2431.934285714286,134.36444927347165,2561.33,2227.43,-43.15000000000009,-0.019003954936624212,-0.12576093569087665,0,23,6,0,2437.52820174972,124.74886839389974,2423.9
359,2025-06-24,2423.9,ethereum,1,2227.43,2270.58,2405.7,2561.33,2685.0,2307.3033333333333,103.25486735897493,2412.301428571428,121.75520980342976,2522.18,2227.43,196.47000000000025,0.0882047920697846,-0.05365571792779522,1,24,6,0,2435.0503468861343,119.184645748625,2446.54
360,2025-06-25,2446.54,ethereum,1,2423.9,2227.43,2270.58,2514.99,2808.5,2365.956666666667,120.50049972228595,2402.522857142857,114.67634204054822,2522.18,2227.43,22.639999999999873,0.009340319320103818,-0.0272168080191173,2,25,6,0,2437.139374725019,115.72805806431028,2417.23
361,2025-06-26,2417.23,ethereum,1,2446.54,2423.9,2227.43,2521.33,2776.14,2429.2233333333334,15.36302162082217,2387.6514285714284,102.84051381115978,2522.18,2227.43,-29.309999999999945,-0.011980184260220517,-0.041287733061519116,3,26,6,0,2433.519488411379,109.95469253289319,2415.03
362,2025-06-27,2415.03,ethereum,1,2417.23,2446.54,2423.9,2522.18,2653.16,2426.266666666667,17.591646691591663,2372.344285714286,86.08960155110918,2446.54,2227.43,-2.199999999999818,-0.000910132672521824,-0.04248309002529549,4,27,6,0,2430.1577632456733,99.98581971127938,2423.03
363,2025-06-28,2423.03,ethereum,1,2415.03,2417.23,2446.54,2405.7,2577.05,2418.43,4.132795662539004,2374.8199999999997,87.44717529261521,2446.54,2227.43,8.0,0.0033125882494213776,0.007203724487675256,5,28,6,1,2428.8618062919145,93.96779510380047,2437.13
364,2025-06-29,2437.13,ethereum,1,2423.03,2415.03,2417.23,2270.58,2534.07,2425.0633333333335,11.189429535135709,2398.612857142857,76.3063004637718,2446.54,2227.43,14.099999999999909,0.00581916030754881,0.07335130231042286,6,29,6,1,2430.365114238839,86.05340760896279,2502.67
365,2025-06-30,2502.67,ethereum,1,2437.13,2423.03,2415.03,2227.43,2547.85,2454.2766666666666,42.4986886070896,2437.932857142857,30.65341346628405,2502.67,2415.03,65.53999999999996,0.02689228723949899,0.12356841741379099,0,30,6,0,2443.5114571045046,83.11833307602195,2488.19
366,2025-07-01,2488.19,ethereum,1,2502.67,2437.13,2423.03,2423.9,2561.33,2475.9966666666664,34.42936150036515,2447.117142857143,35.06230678570903,2502.67,2415.03,-14.480000000000018,-0.005785820743446024,0.02652337142621386,1,1,7,0,2451.634828540049,88.03403395532672,2405.1
367,2025-07-02,2405.1,ethereum,1,2488.19,2502.67,2437.13,2446.54,2514.99,2465.32,52.65219748490347,2441.197142857143,38.505355780744424,2502.67,2405.1,-83.09000000000015,-0.03339375208484885,-0.01693820661015155,2,2,7,0,2443.1739506236763,74.40511246624285,2574.07
368,2025-07-03,2574.07,ethereum,1,2405.1,2488.19,2502.67,2417.23,2521.33,2489.1200000000003,84.48883890780948,2463.6028571428574,61.186374494671995,2574.07,2405.1,168.97000000000025,0.07025487505717032,0.0648841856174216,3,3,7,0,2466.9732323284625,53.14213424605041,
