date,price,coin,daily_return,ma_7,ma_14,lag_price_1,lag_price_2,lag_return_1,return_ma_ratio_7,return_ma_ratio_14,price_volatility_7
2024-06-10,-0.6374184309404497,bitcoin,0.12385223947234265,-0.6075193020810542,-0.6075193020810542,-0.6584763492282312,-0.6578392352517287,-0.07006480565600207,-0.2038658572887216,-0.2038658572887216,0.055472132618100745
2024-06-11,-0.6474166714185486,bitcoin,-0.1533036978018152,-0.6160121432722504,-0.6160121432722504,-0.6374184309404497,-0.6584763492282312,0.12385223947234265,0.24886513738609686,0.24886513738609686,0.04827631395614104
2024-06-12,-0.7818186138959854,bitcoin,-1.262624730360639,-0.6190701843677074,-0.6190701843677074,-0.6474166714185486,-0.6374184309404497,-0.1533036978018152,2.039553513958595,2.039553513958595,0.0768248083511079
2024-06-13,-0.7262096929754248,bitcoin,0.44734248209017946,-0.6129935634107259,-0.6226134952490625,-0.7818186138959854,-0.6474166714185486,-1.262624730360639,-0.729768204040095,-0.7184926186089952,0.06799913028575162
2024-06-14,-0.8208739312269853,bitcoin,-0.9240391916674696,-0.6420142028165529,-0.6403029528764984,-0.7262096929754248,-0.7818186138959854,0.44734248209017946,1.4392837835945598,1.443130366097288,0.0730820523489247
2024-06-15,-0.8636807124208884,bitcoin,-0.4619926426374771,-0.6682774600874211,-0.6488936268863911,-0.8208739312269853,-0.7262096929754248,-0.9240391916674696,0.6913196412410535,0.7119708615804065,0.09059004411102263
2024-06-16,-0.8525381047237544,bitcoin,0.04021074562603679,-0.7042932749910505,-0.6645282000082632,-0.8636807124208884,-0.8208739312269853,-0.4619926426374771,-0.05709383313418815,-0.06051030811912106,0.09338410771364991
2024-06-17,-0.8261393418366649,bitcoin,0.1827295015368001,-0.7336992003009304,-0.6811242427093154,-0.8525381047237544,-0.8636807124208884,0.04021074562603679,-0.2490526778747073,-0.26827670835303447,0.07751015200350499
2024-06-18,-0.8357752300776743,bitcoin,-0.153990222569094,-0.7614223082288624,-0.6943099244027338,-0.8261393418366649,-0.8525381047237544,0.1827295015368001,0.2022404953800016,0.22178920240951996,0.04717564748624304
2024-06-19,-0.91968690799626,bitcoin,-0.846619828815192,-0.7883824383568931,-0.7037263113623002,-0.8357752300776743,-0.8261393418366649,-0.153990222569094,1.0738708290490409,1.2030543951535164,0.0583324215391806
2024-06-20,-0.9322475174173863,bitcoin,-0.18389432507819944,-0.8152908038796254,-0.7141421836451756,-0.91968690799626,-0.8357752300776743,-0.846619828815192,0.2255570034153779,0.25750415924698755,0.04468206381092786
2024-06-21,-0.9361230297631649,bitcoin,-0.1013641523234159,-0.8349862744653789,-0.7385002386409658,-0.9322475174173863,-0.91968690799626,-0.18389432507819944,0.12139633526868716,0.13725694898474478,0.0471282799076797
2024-06-22,-0.9841351488506777,bitcoin,-0.5231060410596309,-0.864420249385659,-0.76634885473654,-0.9361230297631649,-0.9322475174173863,-0.1013641523234159,0.6051531608434233,0.6825960793476321,0.060025611638324164
2024-06-23,-0.9736837682649397,bitcoin,0.03669238021289196,-0.8808844063193989,-0.7925888406552247,-0.9841351488506777,-0.9361230297631649,-0.5231060410596309,-0.04165407129895202,-0.04629440212274607,0.06212990126309042
2024-06-24,-1.0369429991028702,bitcoin,-0.674475749964992,-0.898092182952226,-0.8158956916265783,-0.9736837682649397,-0.9841351488506777,0.03669238021289196,0.7510103236375619,0.8266701044718755,0.06274049336418475
2024-06-25,-1.2144534962439466,bitcoin,-1.8039559848285542,-0.9153987063152524,-0.8384105072720575,-1.0369429991028702,-0.9736837682649397,-0.674475749964992,1.9706800359922385,2.1516406591071546,0.10280979305998404
2024-06-26,-1.1270573006195774,bitcoin,0.8326560158471069,-0.9455135144961391,-0.8669479764265161,-1.2144534962439466,-1.0369429991028702,-1.8039559848285542,-0.8806398678824753,-0.9604463000485293,0.10577559091396006
2024-06-27,-1.1904389806504807,bitcoin,-0.7000950146689487,-0.9996104096627493,-0.9074506067711875,-1.1270573006195774,-1.2144534962439466,0.8326560158471069,0.7003685718656336,0.7714974026601534,0.1111964268522245
2024-06-28,-1.139961260759349,bitcoin,0.4504304092266999,-1.0292347514660805,-0.9321105129657296,-1.1904389806504807,-1.1270573006195774,-0.7000950146689487,-0.43763664822018256,-0.4832376485393307,0.09730174811316544
2024-06-29,-1.2173190063262098,bitcoin,-0.8428948582218846,-1.0661192462136653,-0.9652697477996622,-1.139961260759349,-1.1904389806504807,0.4504304092266999,0.7906204224676184,0.8732229859749112,0.09273387590226927
2024-06-30,-1.183324768482431,bitcoin,0.28480988102156096,-1.0952389934988347,-0.9880616999091167,-1.2173190063262098,-1.139961260759349,-0.8428948582218846,-0.26004382856707753,-0.2882514009997141,0.06368577748825752
2024-07-01,-1.0671870294753154,bitcoin,1.1178405635605835,-1.1285509731381962,-1.0133215780452112,-1.183324768482431,-1.2173190063262098,0.28480988102156096,-0.9905104693345278,-1.1031460208940007,0.054415945771351226
2024-07-02,-1.061881293447643,bitcoin,-0.011971609927260509,-1.1584996874549807,-1.0369491968851166,-1.0671870294753154,-1.183324768482431,1.1178405635605835,0.010333727657093894,0.011545041462265874,0.06050315093694955
2024-07-03,-1.1101547044259459,bitcoin,-0.540469312405799,-1.162820263222473,-1.0541668888593059,-1.061881293447643,-1.0671870294753154,-0.011971609927260509,0.4647921904114477,0.512698540255966,0.06148282458124624
2024-07-04,-1.2218165877825664,bitcoin,-1.1794371082424346,-1.1410242342515724,-1.070317321957161,-1.1101547044259459,-1.061881293447643,-0.540469312405799,1.0336661628245098,1.1019519034202312,0.0668048092410494
2024-07-05,-1.4115861025538188,bitcoin,-2.015981601775827,-1.1386095776524823,-1.0839221645592814,-1.2218165877825664,-1.1101547044259459,-1.1794371082424346,1.7705659709083361,1.85989688889922,0.12132361579269368
2024-07-06,-1.4394916489329808,bitcoin,-0.3666876108306609,-1.1430920929570658,-1.1046056695853657,-1.4115861025538188,-1.2218165877825664,-2.015981601775827,0.32078599255119344,0.3319627563844213,0.15618679013545453
2024-07-07,-1.3469130638690345,bitcoin,0.946527967103845,-1.1818956417848472,-1.1385673176418407,-1.4394916489329808,-1.4115861025538188,-0.3666876108306609,-0.8008564669304521,-0.831333188447258,0.16298636340102293
2024-07-08,-1.4928721648287888,bitcoin,-1.617352212199049,-1.2136345907286716,-1.1710927819334338,-1.3469130638690345,-1.4394916489329808,0.946527967103845,1.3326528076962525,1.3810635828464732,0.1683898814863991
2024-07-09,-1.4441324439499872,bitcoin,0.47602143012428166,-1.237004347212472,-1.1977520173337264,-1.4928721648287888,-1.3469130638690345,-1.617352212199049,-0.38481822316566333,-0.3974293682370958,0.13844381151794322
2024-07-10,-1.3619542692590225,bitcoin,0.834145424070908,-1.2978165094058254,-1.2303183863141491,-1.4441324439499872,-1.4928721648287888,0.47602143012428166,-0.642730355759735,-0.6779920639582974,0.08882479578972544
2024-07-11,-1.3795990524191937,bitcoin,-0.2528926093258113,-1.352423816620446,-1.2467240254360092,-1.3619542692590225,-1.4441324439499872,0.834145424070908,0.18699226766800767,0.20284586405017155,0.05181945789062486
2024-07-12,-1.3992255937672489,bitcoin,-0.27509867377195857,-1.3883951830251713,-1.2635023803388266,-1.3795990524191937,-1.3619542692590225,-0.2528926093258113,0.19814162082741243,0.21772724434870563,0.052003863253160615
2024-07-13,-1.3674827301071417,bitcoin,0.278325081603276,-1.4109355351161181,-1.2770138140365919,-1.3992255937672489,-1.3795990524191937,-0.27509867377195857,-0.19726293082787869,-0.21795010867862818,0.05212812045387302
2024-07-14,-1.2896354643913301,bitcoin,0.768649401397873,-1.409169748146608,-1.2955326949657275,-1.3674827301071417,-1.3992255937672489,0.278325081603276,-0.5454629918587321,-0.5933080636967412,0.06463937542632187
2024-07-15,-1.178487561327981,bitcoin,1.099787330763024,-1.3988827597429165,-1.306258675235794,-1.2896354643913301,-1.3674827301071417,0.768649401397873,-0.7861903431817857,-0.8419375071342643,0.087125337837978
2024-07-16,-0.9366934664781891,bitcoin,2.3938001738508476,-1.3907002455318163,-1.313852296372144,-1.178487561327981,-1.2896354643913301,1.099787330763024,-1.7212924947949018,-1.821971923657342,0.16655675413316037
2024-07-17,-0.9164000959544975,bitcoin,0.12955099479505763,-1.345788159317415,-1.3218023343616203,-0.9366934664781891,-1.178487561327981,2.3938001738508476,-0.09626410379837927,-0.09801094266380493,0.20720453030739472
2024-07-18,-0.9801174497755086,bitcoin,-0.670195914348126,-1.2732968768214439,-1.3128603467209448,-0.9164000959544975,-0.9366934664781891,0.12955099479505763,0.5263473529979148,0.5104856937051457,0.20760696359639347
2024-07-19,-0.9910946085981636,bitcoin,-0.17041130913327227,-1.2096462806350832,-1.2990207318301272,-0.9801174497755086,-0.9164000959544975,-0.670195914348126,0.1408770917072512,0.13118454243430763,0.18259677385602632
2024-07-20,-0.8215427133358371,bitcoin,1.5780428506941218,-1.1525774802574138,-1.2817565076867659,-0.9910946085981636,-0.9801174497755086,-0.17041130913327227,-1.3691437208068702,-1.2311574564965804,0.16186885596701103
2024-07-21,-0.7894632636642926,bitcoin,0.23365539584974515,-1.0942730538046874,-1.2517214009756477,-0.8215427133358371,-0.9910946085981636,1.5780428506941218,-0.21352587323905964,-0.1866674024547523,0.12792870052217697
2024-07-22,-0.7346798796826725,bitcoin,0.4406691775965218,-1.0162816228373581,-1.2075821912901377,-0.7894632636642926,-0.8215427133358371,0.23365539584974515,-0.4336097409455822,-0.36491888145899837,0.09968488929355306
2024-07-23,-0.7645179152946459,bitcoin,-0.33587988478365605,-0.9448284513049242,-1.1677643484183702,-0.7346798796826725,-0.7894632636642926,0.4406691775965218,0.3554933594697785,0.287626671310223,0.10488169475016793
2024-07-24,-0.8679450841889359,bitcoin,-1.0121864727683891,-0.881427353927023,-1.1136077566222191,-0.7645179152946459,-0.7346798796826725,-0.33587988478365605,1.1483505890864165,0.9089263034273812,0.10185008392809741
2024-07-25,-0.9014136546333283,bitcoin,-0.378825351259539,-0.8568308466150881,-1.0650638617182662,-0.8679450841889359,-0.7645179152946459,-1.0121864727683891,0.44212436431351104,0.35568356091994413,0.08855712049473978
2024-07-26,-0.8798978884831902,bitcoin,0.13944640217383136,-0.849908702077151,-1.029777491356117,-0.9014136546333283,-0.8679450841889359,-0.378825351259539,-0.1640724067249046,-0.13541424119149756,0.06291956130387653
2024-07-27,-0.745104198475274,bitcoin,1.2057922182502838,-0.838665302771125,-0.9956213915142695,-0.8798978884831902,-0.9014136546333283,0.13944640217383136,-1.437753120367816,-1.2110963460846333,0.0694628711225792
2024-07-28,-0.7367127519893397,bitcoin,0.01217513868371876,-0.8227800570404147,-0.9585265554225512,-0.745104198475274,-0.8798978884831902,1.2057922182502838,-0.01479757971418653,-0.012701944788891455,0.0749428111224014
2024-07-29,-0.7251086676716755,bitcoin,0.04127038910939795,-0.8118602692031914,-0.9140709460202746,-0.7367127519893397,-0.745104198475274,0.01217513868371876,-0.050834412656153134,-0.045150143366033554,0.07649644585051643
2024-07-30,-0.8165261690629864,bitcoin,-0.8943391451004462,-0.8043244818210553,-0.8745764665629897,-0.7251086676716755,-0.7367127519893397,0.04127038910939795,1.111914752352608,1.0225980253197888,0.07464401168573821
2024-07-31,-0.850764098329016,bitcoin,-0.38206523844621193,-0.8029571658194842,-0.8421922598732536,-0.8165261690629864,-0.7251086676716755,-0.8943391451004462,0.4758232824033206,0.4536561427907851,0.07269293358049521
2024-08-01,-0.9463642742192986,bitcoin,-0.9588314467468257,-0.8103869163578186,-0.8336088814864534,-0.850764098329016,-0.8165261690629864,-0.38206523844621193,1.183178813195789,1.1502187875636194,0.0835080386768991
2024-08-02,-0.9042709371462511,bitcoin,0.33883816387321275,-0.8079324898064014,-0.8289205959417761,-0.9463642742192986,-0.850764098329016,-0.9588314467468257,-0.4193897231984435,-0.40877084524493856,0.08712610155339594
2024-08-03,-1.1496096331619963,bitcoin,-2.3900825888586548,-0.8143540068901115,-0.8265096548306182,-0.9042709371462511,-0.9463642742192986,0.33883816387321275,2.934946600106521,2.8917816829739915,0.1454617526976347
2024-08-04,-1.1911315567595524,bitcoin,-0.48330232978272186,-0.8178358709848343,-0.8203079640126244,-1.1496096331619963,-0.9042709371462511,-2.3900825888586548,0.5909534392935956,0.5891725305105223,0.1720975540453236
2024-08-05,-1.3608423561852545,bitcoin,-1.795498644183897,-0.8756223616543661,-0.8437413154287788,-1.1911315567595524,-1.1496096331619963,-0.48330232978272186,2.050542303800754,2.128022818574748,0.20421104566353093
2024-08-07,-1.487936758558186,bitcoin,1.364501131558859,-0.9405393337643966,-0.872431907792726,-1.3608423561852545,-1.1911315567595524,-1.795498644183897,-1.4507661012577766,-1.5640219980411794,0.24087510288247382
2024-08-08,-1.5413422285242244,bitcoin,-0.6556529824602537,-1.0313584321234794,-0.9171577989714816,-1.487936758558186,-1.3608423561852545,1.364501131558859,0.6357184832714285,0.7148755623853156,0.2499970123342387
2024-08-09,-1.1215534855727496,bitcoin,4.655879320817051,-1.1272742306227934,-0.9688305734903061,-1.5413422285242244,-1.487936758558186,-0.6556529824602537,-4.130213682307333,-4.805674236433325,0.22484981896874662
2024-08-10,-1.1803345855609289,bitcoin,-0.6531061534005881,-1.225928249222109,-1.0169303695142553,-1.1215534855727496,-1.5413422285242244,4.655879320817051,0.5327446256007485,0.6422335444127742,0.17187911951057577
2024-08-11,-1.181879812039007,bitcoin,-0.08008792978918049,-1.2509552794154593,-1.0326546431527854,-1.1803345855609289,-1.1215534855727496,-0.6531061534005881,0.06402146833584009,0.07755546142718749,0.1678595559907702
2024-08-12,-1.3112789326028318,bitcoin,-1.3810718385133993,-1.2903929434746988,-1.0541144072297666,-1.181879812039007,-1.1803345855609289,-0.08008792978918049,1.070273141038468,1.3101738665319576,0.16149015505700906
2024-08-13,-1.2773782501937903,bitcoin,0.29280758764931203,-1.2950029690285574,-1.0853126653414618,-1.3112789326028318,-1.181879812039007,-1.3810718385133993,-0.22610590149832815,-0.269791247067439,0.16037465940274842
2024-08-14,-1.1996726722934998,bitcoin,0.7468075047292616,-1.3121668798633117,-1.1263531068138541,-1.2773782501937903,-1.3112789326028318,0.29280758764931203,-0.5691410790281001,-0.6630320130014923,0.13984217305611496
2024-08-15,-1.3153184387420103,bitcoin,-1.2466875336366794,-1.3002434361502453,-1.1658009341368625,-1.1996726722934998,-1.2773782501937903,0.7468075047292616,0.9588116023407671,1.0693837742920311,0.07474393771343367
2024-08-16,-1.3845729441257373,bitcoin,-0.7948461413505169,-1.2590628523981473,-1.1931685415104705,-1.3153184387420103,-1.1996726722934998,-1.2466875336366794,0.6313003128770566,0.6661647368853956,0.07902159674827107
2024-08-17,-1.3064537299630943,bitcoin,0.7755512524631595,-1.2267737395721168,-1.226350994397113,-1.3845729441257373,-1.3153184387420103,-0.7948461413505169,-0.6321882019759113,-0.6324061287613321,0.0706031598818667
2024-08-18,-1.2723651099880675,bitcoin,0.29431381383260474,-1.2643479479368291,-1.2576516136761442,-1.3064537299630943,-1.3845729441257373,0.7755512524631595,-0.2327793129195022,-0.234018741478858,0.0558896412719903
2024-08-19,-1.3340065546023796,bitcoin,-0.7069798103839491,-1.2823649685657101,-1.2863789560202046,-1.2723651099880675,-1.3064537299630943,0.29431381383260474,0.5513097901328958,0.5495894943436397,0.05760697308350491
2024-08-20,-1.263412071515655,bitcoin,0.6840720268037237,-1.29529143970129,-1.2951472043649237,-1.3340065546023796,-1.2723651099880675,-0.7069798103839491,-0.5281225012063543,-0.528181316131146,0.058693579762712486
2024-08-21,-1.295386175479951,bitcoin,-0.3968927404195652,-1.2985382428440828,-1.3053525613536974,-1.263412071515655,-1.3340065546023796,0.6840720268037237,0.30564602024835463,0.30405045825966825,0.04078062545540572
2024-08-22,-1.1659195186398796,bitcoin,1.2937830968845545,-1.296543074461492,-1.2983932553058686,-1.295386175479951,-1.263412071515655,-0.3968927404195652,-0.9978720493293026,-0.9964501032700411,0.06780529534921396
2024-08-23,-1.212943936110538,bitcoin,-0.5408568983555796,-1.3102164320595564,-1.284639642228852,-1.1659195186398796,-1.295386175479951,1.2937830968845545,0.4127999755776,0.4210187056316407,0.05771231588818407
2024-08-24,-0.9854977021324259,bitcoin,2.269177750923389,-1.2888737291878236,-1.25782373437997,-1.212943936110538,-1.1659195186398796,-0.5408568983555796,-1.760591018442371,-1.804052104402418,0.11637399474509058
2024-08-25,-0.9788227114984178,bitcoin,0.00019736620713580765,-1.2643552994713665,-1.264351623704098,-0.9854977021324259,-1.212943936110538,2.269177750923389,-0.0001561003962404585,-0.00015610085006134992,0.14346556309740108
2024-08-26,-0.9720743905972946,bitcoin,0.000797349802775017,-1.2185044383526995,-1.2504347034592047,-0.9788227114984178,-0.9854977021324259,0.00019736620713580765,-0.0006543681188564866,-0.0006376585984280696,0.14248549567514998
2024-08-27,-1.0554988857399938,bitcoin,-0.8686356032477456,-1.1765698099970354,-1.2359306248491626,-0.9720743905972946,-0.9788227114984178,0.000797349802775017,0.7382786249874618,0.7028196312987942,0.12990621094296853
2024-08-28,-1.2664171330014034,bitcoin,-2.1411630784569717,-1.124865215139166,-1.2117017289916243,-1.0554988857399938,-0.9720743905972946,-0.8686356032477456,1.9034858160120873,1.7670725346834153,0.1227277017324982
2024-08-29,-1.2981704345759053,bitcoin,-0.3948648736148837,-1.0951633314569287,-1.1958532029592104,-1.2664171330014034,-1.0554988857399938,-2.1411630784569717,0.3605537391790883,0.3301953808654331,0.14443798386855883
2024-08-30,-1.2772847687560476,bitcoin,0.15489403706942406,-1.0910248968171363,-1.2006206644383464,-1.2981704345759053,-1.2664171330014034,-0.3948648736148837,-0.14197125976919406,-0.12901174423282827,0.15382885613498232
2024-08-31,-1.2894164180192424,bitcoin,-0.19101151444321393,-1.1099178848079971,-1.19939580699791,-1.2772847687560476,-1.2981704345759053,0.15489403706942406,0.17209533169346886,0.15925657950889124,0.15271817740277926
2024-09-01,-1.3015900515805514,bitcoin,-0.19186939622051233,-1.119109432328784,-1.1917323659000751,-1.2894164180192424,-1.2772847687560476,-0.19101151444321393,0.1714484411678017,0.16100054232910094,0.13579766210871508
2024-09-02,-1.401118397334025,bitcoin,-1.1102296134409508,-1.1625263917411865,-1.1905154150469432,-1.3015900515805514,-1.2894164180192424,-0.19186939622051233,0.9550153668283243,0.9325629319634683,0.10443269976924267
2024-09-03,-1.292367368106343,bitcoin,1.1103291243631837,-1.20863601175292,-1.1926029108749776,-1.401118397334025,-1.3015900515805514,-1.1102296134409508,-0.9186637103560649,-0.9310140410127024,0.044619814649286556
2024-09-04,-1.3919996417793492,bitcoin,-1.1086915038681973,-1.2699280127153099,-1.1973966139272378,-1.292367368106343,-1.401118397334025,1.1103291243631837,0.8730356097376297,0.9259191289601375,0.05177309042512804
2024-09-05,-1.3619826832605375,bitcoin,0.2590365474722523,-1.303766367339074,-1.1994648493980014,-1.3919996417793492,-1.292367368106343,-1.1086915038681973,-0.19868340881069277,-0.2159602789215032,0.05255029080150938
2024-09-06,-1.477219281714076,bitcoin,-1.2956000929749314,-1.3217067257359234,-1.2063658112765299,-1.3619826832605375,-1.3919996417793492,0.2590365474722523,0.9802485286606014,1.073970395078066,0.07002889728352038
2024-09-10,-1.4202845749493458,bitcoin,1.5204648782950294,-1.3308227612622994,-1.2203703230351481,-1.477219281714076,-1.3619826832605375,-1.2956000929749314,-1.1425007634777864,-1.2459055218739206,0.06556274168739705
2024-09-11,-1.3845701583091332,bitcoin,0.3234936383186023,-1.3593848345420179,-1.239247133435401,-1.4202845749493458,-1.477219281714076,1.5204648782950294,-0.23797078507086164,-0.26104066786298774,0.05627096644091199
2024-09-12,-1.399624822133696,bitcoin,-0.22623550310546678,-1.3780802855320324,-1.2703033386366094,-1.3845701583091332,-1.4202845749493458,0.3234936383186023,0.1641672619860362,0.17809579359531125,0.05622430427319355
2024-09-13,-1.3545853702600736,bitcoin,0.4219295280878501,-1.3899345864932584,-1.299285299123089,-1.399624822133696,-1.3845701583091332,-0.22623550310546678,-0.30356092707447974,-0.3247399575078512,0.04117195359882459
2024-09-14,-1.1984675223489492,bitcoin,1.6002292092116048,-1.3897212186074974,-1.3298246156614033,-1.3545853702600736,-1.399624822133696,0.4219295280878501,-1.1514758062705872,-1.2033394431905258,0.08644191943434477
2024-09-15,-1.2368081520694785,bitcoin,-0.45622488117659604,-1.3986095046294589,-1.3511879359842662,-1.1984675223489492,-1.3545853702600736,1.6002292092116048,0.3261991326854302,0.33764749275366623,0.10042534018081353
2024-09-16,-1.285779643841576,bitcoin,-0.5700251384803887,-1.3709620589965446,-1.3463343923662339,-1.2368081520694785,-1.1984675223489492,-0.45622488117659604,0.4157850689775321,0.423390775057987,0.08601809228699883
2024-09-17,-1.3481155200848125,bitcoin,-0.7165895834694991,-1.3530799831121076,-1.3419513721872034,-1.285779643841576,-1.2368081520694785,-0.5700251384803887,0.5295992269581553,0.5339911209246523,0.07660654354672114
2024-09-18,-1.2173230433052644,bitcoin,1.3277028267571782,-1.325731463416036,-1.3425581489790268,-1.3481155200848125,-1.285779643841576,-0.7165895834694991,-1.001487755916885,-0.9889357989467004,0.0775212183580816
2024-09-19,-1.1475528471900807,bitcoin,0.6522928433745229,-1.3154215984353885,-1.3467509419837105,-1.2173230433052644,-1.3481155200848125,1.3277028267571782,-0.49588157897966995,-0.4843459227581037,0.07748608047768066
2024-09-20,-1.0527697028185097,bitcoin,0.8914190174422834,-1.2915291534348357,-1.3407318699640471,-1.1475528471900807,-1.2173230433052644,0.6522928433745229,-0.6902048670573251,-0.6648754328049353,0.09513531386554015
2024-09-21,-1.0427272360969868,bitcoin,0.034442560042710645,-1.2555188713000336,-1.3226200449537655,-1.0527697028185097,-1.1475528471900807,0.8914190174422834,-0.027432950840474205,-0.026041179562717277,0.11506145202620709
2024-09-22,-1.0256366631264793,bitcoin,0.10336209635494943,-1.21240234737981,-1.3055059260046344,-1.0427272360969868,-1.0527697028185097,0.034442560042710645,-0.08525402629940257,-0.07917403779645524,0.12777165399831195
2024-09-23,-1.0145071931270537,bitcoin,0.04438363606009551,-1.1901537350581013,-1.2805578970273228,-1.0256366631264793,-1.0427272360969868,0.10336209635494943,-0.037292386727094125,-0.03465963610295444,0.12435241868819022
2024-09-24,-1.0303801643246653,bitcoin,-0.21904065359152178,-1.1599863794948155,-1.2565331813034617,-1.0145071931270537,-1.0256366631264793,0.04438363606009551,0.18883052964591332,0.1743215628304086,0.07652620748430376
2024-09-25,-0.9678308146085771,bitcoin,0.547583632231428,-1.1212331722498838,-1.22348231783296,-1.0303801643246653,-1.0145071931270537,-0.21904065359152178,-0.48837666790512907,-0.4475619073622739,0.054612204711663774
2024-09-26,-1.0412568405458436,bitcoin,-0.7714922586424934,-1.0758424071412915,-1.1956320027883398,-0.9678308146085771,-1.0303801643246653,0.547583632231428,0.7171059354301023,0.6452594963189233,0.02815865981654138
2024-09-27,-0.9183544545046646,bitcoin,1.1413848685331731,-1.0402006601846219,-1.1658649068097287,-1.0412568405458436,-0.9678308146085771,-0.7714922586424934,-1.097274794658741,-0.979003519936096,0.04615676624751936
2024-09-28,-0.8773490943738222,bitcoin,0.3256967013745825,-1.0250155163783021,-1.140267193839168,-0.9183544545046646,-1.0412568405458436,1.1413848685331731,-0.31774837933551525,-0.28563216478249925,0.06326659944666048
2024-09-29,-0.8684612195546135,bitcoin,0.019327448881204225,-1.005813338047753,-1.1091078427137815,-0.8773490943738222,-0.9183544545046646,0.3256967013745825,-0.019215760385996192,-0.017426137984969503,0.07249456883887102
2024-09-30,-0.8852561253249479,bitcoin,-0.22218757458252347,-0.982187889230158,-1.0861708121441296,-0.8684612195546135,-0.8773490943738222,0.019327448881204225,0.226217206744304,0.20456062403715583,0.07267868051478324
2024-10-01,-1.0355817332378712,bitcoin,-1.482752655167166,-0.9597342544341771,-1.0598603169644965,-0.8852561253249479,-0.8684612195546135,-0.22218757458252347,1.5449632992464573,1.3990089358405249,0.07376015407213396
2024-10-02,-1.1828139115624114,bitcoin,-1.50673144826858,-0.9412698161767336,-1.0312514942133089,-1.0355817332378712,-0.8852561253249479,-1.482752655167166,1.6007451031774909,1.461072219333085,0.11786955528902743
2024-10-03,-1.196297967506152,bitcoin,-0.2016118291159154,-0.9420128974500486,-1.00892765229567,-1.1828139115624114,-1.0355817332378712,-1.50673144826858,0.21402259319830527,0.19982803373979283,0.14446092804001337
2024-10-04,-1.1918073455169425,bitcoin,-0.01850167989525672,-0.9727247684434535,-1.0064627143140377,-1.196297967506152,-1.1828139115624114,-0.2016118291159154,0.01902048710587487,0.01838289488027539,0.1567690330249282
2024-10-05,-1.1064005967248192,bitcoin,0.8069730840228898,-0.9948735008663547,-1.0099445086223284,-1.1918073455169425,-1.196297967506152,-0.01850167989525672,-0.8111321634884486,-0.7990279427843324,0.14183023178568194
2024-10-06,-1.1070886153120356,bitcoin,-0.07123482974259578,-1.0339381995823944,-1.0198757688150737,-1.1064005967248192,-1.1918073455169425,0.8069730840228898,0.06889666971201674,0.06984664384369357,0.1117377585754388
2024-10-07,-1.0623795524639494,bitcoin,0.3817430904309223,-1.066659842775394,-1.024423866002776,-1.1070886153120356,-1.1064005967248192,-0.07123482974259578,-0.35788677234198474,-0.3726421022994696,0.06514728616401726
2024-10-08,-1.0949492606715645,bitcoin,-0.38563195345877904,-1.10074947074074,-1.0302418625874585,-1.0623795524639494,-1.1070886153120356,0.3817430904309223,0.3503361246545917,0.37431242291269745,0.054381257581150845
2024-10-09,-1.1012941309163797,bitcoin,-0.12748233390454014,-1.1260528174748832,-1.0336613168258082,-1.0949492606715645,-1.0623795524639494,-0.38563195345877904,0.11321178290925644,0.12333097423727778,0.05093868061894274
2024-10-10,-1.199925618372354,bitcoin,-1.047054675043408,-1.1345338928225535,-1.038273395136301,-1.1012941309163797,-1.0949492606715645,-0.12748233390454014,0.9228949479274132,1.0084585509046053,0.05182082096519785
2024-10-11,-1.2248909047899441,bitcoin,-0.3196232790868468,-1.1228882098731205,-1.047806489158287,-1.199925618372354,-1.1012941309163797,-1.047054675043408,0.28464415328317993,0.30504066107117217,0.059967264657089125
2024-10-12,-1.0884310675796083,bitcoin,1.3401512041563153,-1.1234064457111492,-1.059139973288752,-1.2248909047899441,-1.199925618372354,-0.3196232790868468,-1.1929363608416188,-1.2653213959212424,0.06141965213970061
2024-10-13,-1.0377868373739731,bitcoin,0.4385320121445927,-1.1281326684644353,-1.0810354340234147,-1.0884310675796083,-1.2248909047899441,1.3401512041563153,-0.38872413956919033,-0.4056596148491365,0.06989497839283955
2024-10-14,-1.0612781427809213,bitcoin,-0.29463282224514636,-1.125565592872262,-1.0961127178238281,-1.0377868373739731,-1.0884310675796083,0.4385320121445927,0.2617644727907531,0.268798168520721,0.07003602262679803
2024-10-15,-0.8612637297886344,bitcoin,1.907974209967049,-1.1156653388811104,-1.1082074048109252,-1.0612781427809213,-1.0377868373739731,-0.29463282224514636,-1.7101686801968938,-1.721677660121965,0.11961499078652933
2024-10-16,-0.804607823129275,bitcoin,0.4670735290043265,-1.1155079946406778,-1.1207804060577804,-0.8612637297886344,-1.0612781427809213,1.907974209967049,-0.41870963718589516,-0.4167399280177772,0.15807157450803835
2024-10-17,-0.7620441318269668,bitcoin,0.32944649567303314,-1.0821243473716877,-1.1083291200971206,-0.804607823129275,-0.8612637297886344,0.4670735290043265,-0.3044444946809514,-0.2972463566512815,0.1702862091644559
2024-10-18,-0.781883643877166,bitcoin,-0.24607486247081328,-1.0397405891163873,-1.0813143994947538,-0.7620441318269668,-0.804607823129275,0.32944649567303314,0.23666970561343886,0.22757034416274904,0.1430228646294853
2024-10-19,-0.7112356325255206,bitcoin,0.5857423265789672,-0.9771860910384748,-1.050296268374812,-0.781883643877166,-0.7620441318269668,-0.24607486247081328,-0.5994179935312836,-0.5576930071153449,0.13724630740804497
2024-10-20,-0.7160022446426507,bitcoin,-0.10750519476206573,-0.9138993394795065,-1.021016003971971,-0.7112356325255206,-0.781883643877166,0.5857423265789672,0.1176336471114427,0.10529247302326321,0.1206672329704211
2024-10-21,-0.6803552232935745,bitcoin,0.2585701587991541,-0.8600142773289224,-0.9927899351005923,-0.7160022446426507,-0.7112356325255206,-0.10750519476206573,-0.30065833355763516,-0.2604482681638218,0.0624277693565537
2024-10-22,-0.7777378217202642,bitcoin,-0.9392574482008759,-0.8140450497958763,-0.9648551943384934,-0.6803552232935745,-0.7160022446426507,0.2585701587991541,1.1538164899508783,0.9734708660771624,0.045432666795905984
2024-10-23,-0.7804587350370696,bitcoin,-0.08938433630215119,-0.7596274898691125,-0.9375677422548951,-0.7777378217202642,-0.6803552232935745,-0.9392574482008759,0.11766879840848173,0.09533650488409749,0.04110120731563559
2024-10-24,-0.8218893186004133,bitcoin,-0.445491253181034,-0.7476952172879169,-0.9149097823298024,-0.7804587350370696,-0.7777378217202642,-0.08938433630215119,0.5958201131967393,0.48692422871556307,0.05055691475484044
2024-10-25,-0.7268598096519756,bitcoin,0.8185514347449355,-0.7442453475604589,-0.891992968338423,-0.8218893186004133,-0.7804587350370696,-0.445491253181034,-1.0998423265531625,-0.9176668218994277,0.04954785527791718
2024-10-26,-0.8279946424800063,bitcoin,-0.9829411238164331,-0.7527946599566656,-0.8649903754975702,-0.7268598096519756,-0.8218893186004133,0.8185514347449355,1.305724498095555,1.1363620775700431,0.05559658286751585
2024-10-27,-0.8011332212290323,bitcoin,0.18556791097066652,-0.7449341122102098,-0.8294167258448581,-0.8279946424800063,-0.7268598096519756,-0.9829411238164331,-0.24910680963031462,-0.22373329223007393,0.05321637527918026
2024-10-28,-0.7439702640774202,bitcoin,0.4640836099211773,-0.7616139707751363,-0.8108141240520294,-0.8011332212290323,-0.8279946424800063,0.18556791097066652,-0.609343101718519,-0.5723681526045419,0.03780381342797438
2024-10-29,-0.6255469905453664,bitcoin,1.0155854802882782,-0.773775538858905,-0.7939102943273907,-0.7439702640774202,-0.8011332212290323,0.4640836099211773,-1.3125082686049283,-1.2792210489848141,0.07069663757840314
2024-10-30,-0.4432116106332319,bitcoin,1.553035596996971,-0.7828634018280259,-0.7712454458485692,-0.6255469905453664,-0.7439702640774202,1.0155854802882782,-1.9837912682618926,-2.013674918965839,0.13810210562981104
2024-10-31,-0.4704451611932233,bitcoin,-0.2962016393650414,-0.7611218545173263,-0.7544085359026216,-0.4432116106332319,-0.6255469905453664,1.553035596996971,0.3891650552038561,0.3926281555640172,0.15477124248891536
2024-11-01,-0.5994809684260123,bitcoin,-1.169470572598884,-0.7129436938882066,-0.7285945207243326,-0.4704451611932233,-0.4432116106332319,-0.2962016393650414,1.6403430214298034,1.6051070169224848,0.1534582484990582
2024-11-02,-0.6465009008943772,bitcoin,-0.4789700583817137,-0.6627373856871793,-0.7077660228219225,-0.5994809684260123,-0.4704451611932233,-1.169470572598884,0.7227158018268128,0.6767359829001117,0.13098300178251643
2024-11-03,-0.6594665741802168,bitcoin,-0.17994119148790932,-0.6445404083691847,-0.6947372602896973,-0.6465009008943772,-0.5994809684260123,-0.4789700583817137,0.27917795118718497,0.2590064773830516,0.1067922632862807
2024-11-04,-0.6902503524293708,bitcoin,-0.3395905241477215,-0.6186127309998091,-0.6901133508874727,-0.6594665741802168,-0.6465009008943772,-0.17994119148790932,0.5489558427850544,0.49208005582136577,0.09596728986482599
2024-11-05,-0.7529917525431027,bitcoin,-0.6293457107363645,-0.5983746385642641,-0.6860750887115846,-0.6902503524293708,-0.6594665741802168,-0.3395905241477215,1.0517604222111367,0.9173145015842918,0.11406301018850999
2024-11-06,-0.6572142398046628,bitcoin,0.8109398184216023,-0.5907003654716856,-0.6867818836498557,-0.7529917525431027,-0.6902503524293708,-0.6293457107363645,-1.3728469435108506,-1.180783911910756,0.0879379566819189
2024-11-07,-0.2668407479733696,bitcoin,3.4239030608205607,-0.6089067600427907,-0.6850143072800584,-0.6572142398046628,-0.7529917525431027,0.8109398184216023,-5.623042653726822,-4.998301528499715,0.15851553443953983
2024-11-08,-0.24408735412272084,bitcoin,0.1220479735384229,-0.6394785642101379,-0.6762111290491724,-0.2668407479733696,-0.6572142398046628,3.4239030608205607,-0.1908557553370502,-0.1804882362676763,0.2108631980010932
2024-11-09,-0.20913458705439575,bitcoin,0.22061694493465833,-0.6103922194644447,-0.6365648025758119,-0.24408735412272084,-0.2668407479733696,0.1220479735384229,-0.3614353186931931,-0.3465747565946209,0.2431549270800712
2024-11-10,-0.20415326894151964,bitcoin,-0.024054250195713542,-0.5596217031354029,-0.6020810557522938,-0.20913458705439575,-0.24408735412272084,0.22061694493465833,0.04298313136191014,0.03995191331434815,0.25318708666493295
2024-11-11,0.03412109138093983,bitcoin,1.862100900854591,-0.49714080115826276,-0.5578767660790359,-0.20415326894151964,-0.20913458705439575,-0.024054250195713542,-3.745628285074277,-3.3378415304578435,0.2770011531846724
2024-11-12,0.5415820831367512,bitcoin,3.84288481941065,-0.43209604326702034,-0.5152353409156422,0.03412109138093983,-0.20415326894151964,1.862100900854591,-8.893610050129354,-7.4585184143225325,0.36471593782097267
2024-11-13,0.5184271934003442,bitcoin,-0.22622028613897574,-0.32861440843697587,-0.4596573869543308,0.5415820831367512,0.03412109138093983,3.84288481941065,0.688408568642938,0.49215085998892444,0.3594709527472709
2024-11-14,0.6565229752909229,bitcoin,0.9049761877352663,-0.14367528905413968,-0.3762910245484652,0.5184271934003442,0.5415820831367512,-0.22622028613897574,-6.298804007961724,-2.4049964886026567,0.40176859671935766
2024-11-15,0.4651957640783722,bitcoin,-1.374369171267576,0.024273487118004193,-0.30760253854606695,0.6565229752909229,0.5184271934003442,0.9049761877352663,-56.61784591313641,4.468017870664025,0.3723600878810964
2024-11-16,0.6850846082943078,bitcoin,1.494247814970241,0.15618259044147456,-0.22710481451148498,0.4651957640783722,0.6565229752909229,-1.374369171267576,9.56725230061969,-6.579580436306034,0.33732890811062977
2024-11-17,0.6638736831061557,bitcoin,-0.20886563506358147,0.2575087501844878,-0.15105647647545756,0.6850846082943078,0.4651957640783722,1.494247814970241,-0.8110979678010009,1.3827081277487911,0.2255857049321995
2024-11-18,0.6163625954901778,bitcoin,-0.3892496329553085,0.38525434952001686,-0.05594322581912292,0.6638736831061557,0.6850846082943078,-0.20886563506358147,-1.0103678857159755,6.958064811612305,0.08428150401164267
2024-11-19,0.6594124914707831,bitcoin,0.2325089368402255,0.509258199812542,0.038581078272760826,0.6163625954901778,0.6638736831061557,-0.3892496329553085,0.45656305654529544,6.026345579325056,0.0841988084100925
2024-11-20,0.7660525917499962,bitcoin,0.6654079834778349,0.592435557542433,0.13191057455272856,0.6594124914707831,0.6163625954901778,0.2325089368402255,1.1231717135048258,5.04434872932135,0.0913838016932371
2024-11-21,0.8881165680678192,bitcoin,0.75541191909757,0.6092684730187233,0.23279659198229186,0.7660525917499962,0.6594124914707831,0.6654079834778349,1.2398650392818147,3.2449301243418,0.13011646506882307
2024-11-22,1.1546874275335852,bitcoin,1.6885759571455756,0.6446435299258165,0.3344585085219104,0.8881165680678192,0.7660525917499962,0.75541191909757,2.619390809598417,5.048670808038808,0.18973119136007685
2024-11-23,1.1806716871458345,bitcoin,0.09905443015164103,0.6777283288939445,0.4169554596677095,1.1546874275335852,0.8881165680678192,1.6885759571455756,0.146156328092364,0.23756540486405164,0.23670281371146404
2024-11-24,1.1031597424260984,bitcoin,-0.5498125898564002,0.7762271379589751,0.5168679440717314,1.1806716871458345,1.1546874275335852,0.09905443015164103,-0.7083131401318238,-1.0637369417577096,0.23827932270306257
2024-11-25,1.1240571192399171,bitcoin,0.06817734008763535,0.8470252920806216,0.6161398208003194,1.1031597424260984,1.1806716871458345,-0.5498125898564002,0.08049022884539467,0.11065220447344852,0.20962693558731638
2024-11-26,0.8128224632501888,bitcoin,-2.031698620761871,0.909780443412042,0.709519321612292,1.1240571192399171,1.1031597424260984,0.06817734008763535,-2.233172192589677,-2.8634819312082587,0.17548142857496765
2024-11-27,0.7461893076758095,bitcoin,-0.5082563705897966,0.9823082325191477,0.7873718950307903,0.8128224632501888,1.1240571192399171,-2.031698620761871,-0.5174097461003853,-0.6455091022277585,0.1800751263669515
2024-11-28,0.9976838180818964,bitcoin,1.6305446068105307,1.0042239427733486,0.8067462078960359,0.7461893076758095,0.8128224632501888,-0.5082563705897966,1.623684632157699,2.0211344902735084,0.17321998480144515
2024-11-29,0.9778352547325282,bitcoin,-0.19249429394934428,1.0013863307627504,0.8230149303442834,0.9976838180818964,0.7461893076758095,1.6305446068105307,-0.19222761067160957,-0.23388890403229523,0.16235385820222503
2024-11-30,1.0891100298738827,bitcoin,0.6563125622500537,1.0170387950504758,0.8473835619722101,0.9778352547325282,0.9976838180818964,-0.19249429394934428,0.6453165013247893,0.7745155997680041,0.14761831775260442
2024-12-01,1.0307225706624192,bitcoin,-0.43557153520036185,0.9917741989360389,0.8840006684475071,1.0891100298738827,0.9778352547325282,0.6563125622500537,-0.4391837340433964,-0.49272705103070347,0.1397692503655004
2024-12-02,1.0803193415994823,bitcoin,0.2540139549445477,0.978693962182903,0.9128596271317624,1.0307225706624192,1.0891100298738827,-0.43557153520036185,0.2595435398768063,0.27826148635927894,0.13243327500263313
2024-12-03,0.9884891717377988,bitcoin,-0.649034082193944,0.9683457947880917,0.9390631191000669,1.0803193415994823,1.0307225706624192,0.2540139549445477,-0.6702496313172343,-0.6911499108452068,0.11491772740771244
2024-12-04,1.0008171606327714,bitcoin,0.015329774564571354,0.9620975408394582,0.9722028866793029,0.9884891717377988,1.0803193415994823,-0.649034082193944,0.015933684455228143,0.015768065500059172,0.04486509423046647
2024-12-05,1.1778131645472116,bitcoin,1.0775462853458249,0.9871927849091168,0.9957083638412326,1.0008171606327714,0.9884891717377988,0.015329774564571354,1.091524583944809,1.0821895670327766,0.07137173195242097
2024-12-06,1.0734746842309222,bitcoin,-0.7181259331209657,1.0235681924743971,1.0124772616185738,1.1778131645472116,1.0008171606327714,1.0775462853458249,-0.701590022834659,-0.7092754090077462,0.0642052273230521
2024-12-07,1.2456581526489792,bitcoin,1.0331276013256518,1.0493009562551563,1.033169875652816,1.0734746842309222,1.1778131645472116,-0.7181259331209657,0.9845856049032551,0.9999581150338401,0.09480369613566572
2024-12-08,1.2337321992982435,bitcoin,-0.1382790142084108,1.062963731897784,1.0273689654169114,1.2456581526489792,1.0734746842309222,1.0331276013256518,-0.13008805471986992,-0.13459514961807995,0.10573633995412057
2024-12-09,1.3240078679803924,bitcoin,0.4961666394151183,1.0853277494370837,1.0320108558099934,1.2337321992982435,1.2456581526489792,-0.1382790142084108,0.45715792534977073,0.4807761040939717,0.13000391588831936
2024-12-10,1.0829427460260759,bitcoin,-1.5396953813764604,1.114329124956487,1.0413374598722893,1.3240078679803924,1.2337321992982435,0.4961666394151183,-1.3817228367909227,-1.4785734328541849,0.11453141142053812
2024-12-11,1.039204707386143,bitcoin,-0.34272087613041347,1.149141771582331,1.0556196562108948,1.0829427460260759,1.3240078679803924,-1.5396953813764604,-0.2982404663769484,-0.3246629119219734,0.10610070977665091
2024-12-12,1.3170671450621716,bitcoin,1.716837433502488,1.1626351393377996,1.074913962123458,1.039204707386143,1.0829427460260759,-0.34272087613041347,1.476676472899203,1.5971844229528018,0.12032281390865471
2024-12-13,1.247332372543666,bitcoin,-0.4916210639996186,1.168119074588281,1.095843633531339,1.3170671450621716,1.039204707386143,1.716837433502488,-0.42086517875561447,-0.44862296073429575,0.11026282416839768
2024-12-14,1.3312656129438671,bitcoin,0.45564417408653074,1.1880125003761324,1.1186567283156443,1.247332372543666,1.3170671450621716,-0.4916210639996186,0.38353450860808486,0.40731330285680073,0.11891621302162275
2024-12-15,1.3321836179556885,bitcoin,-0.05875916224459223,1.2128493129922389,1.1379065224450113,1.3312656129438671,1.247332372543666,0.45564417408653074,-0.0484471674823802,-0.05163790649554453,0.12573666703494688
2024-12-16,1.5405222603284712,bitcoin,1.2090109137983656,1.2250789501772228,1.155203349807153,1.3321836179556885,1.3312656129438671,-0.05875916224459223,0.9868832753515128,1.0465775289023063,0.16920823139945945
2024-12-19,1.2693660703636411,bitcoin,-2.1253682790379673,1.2391434385568576,1.1767362817566724,1.5405222603284712,1.3321836179556885,1.2090109137983656,-1.7151901044830826,-1.8061536011378403,0.1482149991228662
2024-12-20,1.1138353772937135,bitcoin,-1.0245672469791691,1.2700740660351548,1.209607918808743,1.2693660703636411,1.5405222603284712,-2.1253682790379673,-0.8066981821614706,-0.8470235553390197,0.12789656797136184
2024-12-21,1.10390319886007,bitcoin,-0.1272582234461147,1.2967059695119498,1.2296705544248745,1.1138353772937135,1.2693660703636411,-1.0245672469791691,-0.09813953841399628,-0.10348960499914485,0.14886098762256678
2024-12-22,1.0735569519408776,bitcoin,-0.25682800464963773,1.30736749378446,1.2377432841863705,1.10390319886007,1.1138353772937135,-0.1272582234461147,-0.1964465304699165,-0.2074968213797596,0.16789039813090112
2024-12-23,0.942600370587741,bitcoin,-0.899077587327005,1.276915501469874,1.232464000923003,1.0735569519408776,1.10390319886007,-0.25682800464963773,-0.7041005314694155,-0.7294954312322691,0.19877056079595018
2024-12-24,0.9146916057442166,bitcoin,-0.2462034778811326,1.2520904413837612,1.232469877188,0.942600370587741,1.0735569519408776,-0.899077587327005,-0.1966337838784669,-0.19976413434033374,0.21339330211463464
2024-12-25,1.166276380160492,bitcoin,1.5825492395304002,1.1965668353328862,1.2108228927550546,0.9146916057442166,0.942600370587741,-0.2462034778811326,1.322573775426726,1.307001991783907,0.12327644015979618
2024-12-26,1.2065989864411952,bitcoin,0.18875451786295167,1.1369251193026757,1.1880342789297667,1.166276380160492,0.9146916057442166,1.5825492395304002,0.16602179742226586,0.1588795561971778,0.10895105203759467
2024-12-27,0.9788734719876071,bitcoin,-1.4845768542377855,1.0834614221358216,1.1767677440854882,1.2065989864411952,1.166276380160492,0.18875451786295167,-1.3702153613332062,-1.2615706031447214,0.1127058246135898
2024-12-28,0.8952542572155496,bitcoin,-0.6058454239910571,1.0744946958611865,1.1856003326865683,0.9788734719876071,1.2065989864411952,-1.4845768542377855,-0.5638416480630798,-0.5110026509654925,0.12464153813458057
2024-12-29,0.9482114932343698,bitcoin,0.28344702904071684,1.0552144236746,1.18129095872953,0.8952542572155496,0.9788734719876071,-0.6058454239910571,0.26861532032356294,0.2399466338072443,0.12557163768713203
2024-12-30,0.85373548855041,bitcoin,-0.6793214456640742,1.025407432011097,1.1511614667404853,0.9482114932343698,0.8952542572155496,0.28344702904071684,-0.6624886478958879,-0.5901177855351485,0.13718175823014012
2024-12-31,0.7893819700831167,bitcoin,-0.4900551745151234,1.0075009379101674,1.1297956896469643,0.85373548855041,0.9482114932343698,-0.6793214456640742,-0.4864061855122889,-0.4337551871109257,0.15623193140304034
2025-01-01,0.8440722774088448,bitcoin,0.3014402148421181,0.9948059547619773,1.0956863950474316,0.7893819700831167,0.85373548855041,-0.4900551745151234,0.30301377910475324,0.27511516168265215,0.13747875939945364
2025-01-02,0.8984980539774048,bitcoin,0.29624259638149025,0.9769045782389629,1.0569148487708193,0.8440722774088448,0.7893819700831167,0.3014402148421181,0.3032458847409977,0.28028967180879816,0.0643769904244176
2025-01-03,1.051777250122427,bitcoin,0.9417947290082087,0.9308754207030133,1.0071684214194174,0.8984980539774048,0.8440722774088448,0.29624259638149025,1.0117290631305815,0.9350906699301145,0.08449672138270922
2025-01-04,1.128305715233422,bitcoin,0.4251815236440738,0.8868610017796147,0.9806778488204007,1.051777250122427,0.8984980539774048,0.9417947290082087,0.4794224161040687,0.43355837046500895,0.12141519709430651
2025-01-05,1.1390127777626418,bitcoin,0.0032617054590525396,0.8972758272274461,0.9762451254510232,1.128305715233422,1.051777250122427,0.4251815236440738,0.003635116120329436,0.003341068787899814,0.14513600490136708
2025-01-06,1.1457111021133621,bitcoin,-0.0221342657928762,0.9305688926585708,0.977988162334834,1.1390127777626418,1.128305715233422,0.0032617054590525396,-0.023785710205646352,-0.022632424412590876,0.1520274490839909
2025-01-07,1.385744022474629,bitcoin,1.4475096417688527,0.9578262190197524,0.9826635784649599,1.1457111021133621,1.1390127777626418,-0.0221342657928762,1.511242960134548,1.4730455065654615,0.1792846713701131
2025-01-08,1.0579850104995736,bitcoin,-2.050759912712259,0.999537020957317,0.997171487859647,1.385744022474629,1.1457111021133621,1.4475096417688527,-2.0517077586984875,-2.056574903218655,0.14669667107732218
2025-01-09,0.9377833507728249,bitcoin,-0.832507925741238,1.0847315998703901,1.0308180890546765,1.0579850104995736,1.385744022474629,-2.050759912712259,-0.7674775569948858,-0.8076178784239417,0.13748261828976038
2025-01-10,0.7737926232380508,bitcoin,-1.1336836237985373,1.1152905617404942,1.0230829912217538,0.9377833507728249,1.0579850104995736,-0.832507925741238,-1.0164908107341375,-1.1081041571618249,0.19064652077029617
2025-01-11,0.9203878393015785,bitcoin,0.918835736297055,1.120902746996983,1.003881874388299,0.7737926232380508,0.9377833507728249,-1.1336836237985373,0.8197275981623854,0.9152818119911986,0.19813236361338296
2025-01-12,0.9093901704888747,bitcoin,-0.13629396035401484,1.081190657442072,0.9892332423347591,0.9203878393015785,0.7737926232380508,0.918835736297055,-0.12605901961587898,-0.13777723669607128,0.20022382976155995
2025-01-13,0.9028825109311187,bitcoin,-0.10700968784252805,1.051488103737523,0.9910284981980467,0.9093901704888747,0.9203878393015785,-0.13629396035401484,-0.10176965929762051,-0.10797830744402656,0.1955284897379021
2025-01-14,0.9029805460848478,bitcoin,-0.06372784979552928,1.0186848741269847,0.9882555465733686,0.9028825109311187,0.9093901704888747,-0.10700968784252805,-0.06255888239359768,-0.06448512789163507,0.08292075688381557
2025-01-15,1.0345071050972414,bitcoin,0.7983449051520649,0.9839950753866643,0.9917660481719908,0.9029805460848478,0.9028825109311187,-0.06372784979552928,0.8113293590509015,0.8049722025182844,0.07639257953885467
2025-01-16,1.266731242371194,bitcoin,1.4254437523987864,0.9150288644738385,0.9998802321721144,1.0345071050972414,0.9029805460848478,0.7983449051520649,1.5578111794399703,1.4256130693664404,0.15542427126602523
2025-01-17,1.2500508686524239,bitcoin,-0.1673936979310402,0.9116748779877911,1.0134827198641427,1.266731242371194,1.0345071050972414,1.4254437523987864,-0.18361097619529412,-0.16516663726327968,0.16495590526446305
2025-01-18,1.5056919484022888,bitcoin,1.5187808063092996,0.9586674339304151,1.039785090463699,1.2500508686524239,1.266731242371194,-0.1673936979310402,1.5842607856425366,1.4606665930989615,0.23538922462428039
2025-01-19,1.5164937990119072,bitcoin,-0.00011991793215923376,1.0267043261324684,1.0539474917872702,1.5056919484022888,1.2500508686524239,1.5187808063092996,-0.00011679878257859707,-0.0001137796895139332,0.2596151987945899
2025-01-20,1.3264900171340628,bitcoin,-1.1926570970280492,1.1103191988611414,1.0809036512993322,1.5164937990119072,1.5056919484022888,-0.00011991793215923376,-1.074155994145978,-1.103387884948392,0.2269314158731483
2025-01-21,1.3568960178819909,bitcoin,0.12164114229716598,1.197048288650146,1.1078665813885655,1.3264900171340628,1.5164937990119072,-1.1926570970280492,0.10161748847813508,0.10979754651246758,0.1651720166172569
2025-01-23,1.4754358105347691,bitcoin,-0.9735005552436105,1.257563646679138,1.1207793610329013,1.3568960178819909,1.3264900171340628,0.12164114229716598,-0.7741157146985183,-0.8685917322341739,0.11287656135859583
2025-01-24,1.499910765281112,bitcoin,0.08189377423510859,1.3224087140787297,1.1187187892762842,1.4754358105347691,1.3568960178819909,-0.9735005552436105,0.06192768652804455,0.07320311575795656,0.10623112285015118
2025-01-25,1.5475833116562352,bitcoin,0.21944598199669949,1.3853985291412338,1.1485367035645127,1.499910765281112,1.4754358105347691,0.08189377423510859,0.15839905917445146,0.1910655447493312,0.08487863350833212
2025-01-26,1.5451516984979219,bitcoin,-0.07874142956622578,1.4187098895569363,1.1886886617436758,1.5475833116562352,1.499910765281112,0.21944598199669949,-0.05550209711213026,-0.06624220946846703,0.08950890428478571
2025-01-27,1.4057956519288934,bitcoin,-0.8882555140666312,1.4612145242717667,1.2439594252021173,1.5451516984979219,1.5475833116562352,-0.07874142956622578,-0.6078880899580612,-0.714054479604774,0.08905426125296012
2025-01-28,1.3689175806474714,bitcoin,-0.28716744865123095,1.4668516314282856,1.2885854151447134,1.4057956519288934,1.5451516984979219,-0.8882555140666312,-0.19577116507717196,-0.2228546299077512,0.08016483861678687
2025-01-29,1.3288361543053147,bitcoin,-0.3079305312870211,1.4510376104164264,1.3240429495332862,1.3689175806474714,1.4057956519288934,-0.28716744865123095,-0.21221387844300685,-0.23256820998695996,0.0864644737227841
2025-01-30,1.478258237156273,bitcoin,0.8493942283924868,1.4570986909183419,1.3573311687987402,1.3288361543053147,1.3689175806474714,-0.3079305312870211,0.5829348765129126,0.6257821393448693,0.08659252990528303
2025-01-31,1.544249447969701,bitcoin,0.3298261014620298,1.453090138978817,1.3877494265287733,1.478258237156273,1.3288361543053147,0.8493942283924868,0.22698239127231923,0.23766960914365193,0.0920062003249493
2025-02-01,1.3952464247569099,bitcoin,-0.9454113813056861,1.4534933427818888,1.4194459359615614,1.544249447969701,1.478258237156273,0.3298261014620298,-0.6504403584373321,-0.6660420741020838,0.08558158081093015
2025-02-02,1.2891914591743445,bitcoin,-0.7061582855891065,1.45982744030883,1.439268664932883,1.3952464247569099,1.544249447969701,-0.9454113813056861,-0.48372689974427213,-0.49063653795693435,0.08687313408696747
2025-02-03,1.0962566755863785,bitcoin,-1.2517113432015496,1.4380650278946407,1.4496397760832038,1.2891914591743445,1.3952464247569099,-0.7061582855891065,-0.8704129844678146,-0.8634631171065419,0.14419227248536906
2025-02-04,1.3383850411920313,bitcoin,1.47315454290015,1.4014992794198442,1.4341754554240647,1.0962566755863785,1.2891914591743445,-1.2517113432015496,1.0511268278233719,1.0271780277305975,0.144243337924241
2025-02-05,1.1304233548162599,bitcoin,-1.3341979016910857,1.3572794256566276,1.404158518036527,1.3383850411920313,1.0962566755863785,1.47315454290015,-0.9829935483270711,-0.95017544983545,0.16740006048934114
2025-02-06,1.0350542177851303,bitcoin,-0.6665735630733397,1.3529176343058504,1.4050081626120963,1.1304233548162599,1.3383850411920313,-1.3341979016910857,-0.4926930165429663,-0.4744264883184762,0.18270066992403974
2025-02-07,1.0383168380069787,bitcoin,-0.04344173802725335,1.324572948664557,1.3888315438216867,1.0350542177851303,1.1304233548162599,-0.6665735630733397,-0.032796763118474105,-0.03127932033311488,0.14906881589558332
2025-02-08,1.0335369022032943,bitcoin,-0.09501671329101014,1.2612580887543936,1.357375715768141,1.0383168380069787,1.0350542177851303,-0.04344173802725335,-0.07533480958686106,-0.07000025283124153,0.12666010822823384
2025-02-09,1.0335233202720795,bitcoin,-0.06445804563567013,1.188982001616862,1.324404720962846,1.0335369022032943,1.0383168380069787,-0.09501671329101014,-0.05421275623622507,-0.048669410449849904,0.11152127194908791
2025-02-10,1.0329234268676488,bitcoin,-0.0682200954058877,1.137309212680631,1.287687120287636,1.0335233202720795,1.0335369022032943,-0.06445804563567013,-0.059983718290099144,-0.05297874099409189,0.11447973769260504
2025-02-11,1.0858018348124376,bitcoin,0.2749557275713099,1.1007851928374504,1.251142236128647,1.0329234268676488,1.0335233202720795,-0.0682200954058877,0.24978122850775236,0.21976358871754154,0.03812236555129672
2025-02-12,0.9827033189818117,bitcoin,-0.720182340691592,1.0917375858776317,1.2245085057671297,1.0858018348124376,1.0329234268676488,0.2749557275713099,-0.6596655554797018,-0.588139444650871,0.02981609848459013
2025-02-13,1.1128935058517977,bitcoin,0.7781300178960647,1.055654270680547,1.2042859524931988,0.9827033189818117,1.0858018348124376,-0.720182340691592,0.7371061742479905,0.6461333956040343,0.042042963777888916
2025-02-14,1.0337361233926683,bitcoin,-0.5656474044609173,1.034551408418483,1.17956217854152,1.1128935058517977,0.9827033189818117,0.7781300178960647,-0.5467556789371558,-0.47953972686763285,0.042211822290589236
2025-02-15,1.0912983300439836,bitcoin,0.3049621286917768,1.0456713067137213,1.1534646977340572,1.0337361233926683,1.1128935058517977,-0.5656474044609173,0.2916421585747013,0.2643876877230629,0.04513789945138235
2025-02-16,1.096358231343243,bitcoin,-0.032213996585143734,1.0450169189116767,1.1169994602642694,1.0912983300439836,1.0337361233926683,0.3049621286917768,-0.03082626240389512,-0.02883973438786433,0.04677498239135732
2025-02-17,1.0081282848300799,bitcoin,-0.6246254289534559,1.0532685514603466,1.095288882070489,1.096358231343243,1.0912983300439836,-0.032213996585143734,-0.5930347346388393,-0.5702832092018333,0.05018038796429988
2025-02-18,0.9849503558084047,bitcoin,-0.21372382353607305,1.062244967327656,1.081515080082553,1.0081282848300799,1.096358231343243,-0.6246254289534559,-0.20119993872393654,-0.19761502160907246,0.055318006747439134
2025-02-19,0.9675437868794559,bitcoin,-0.17697163081041148,1.0587028041794317,1.0752201950285316,0.9849503558084047,1.0081282848300799,-0.21372382353607305,-0.16715877482614383,-0.1645909061583514,0.05834507721396344
2025-02-20,1.0333142629513212,bitcoin,0.36233804977217626,1.0442954500359984,1.0499748603582726,0.9675437868794559,0.9849503558084047,-0.17697163081041148,0.3469685736839247,0.3450917906327288,0.04931261932943131
2025-02-21,1.1469363513320254,bitcoin,0.6647071610030574,1.0421298025928047,1.0383406055056439,1.0333142629513212,0.9675437868794559,0.36233804977217626,0.637834674255167,0.6401623102440966,0.06614073069308628
2025-02-22,1.007246792178785,bitcoin,-0.9440484743838072,1.030761339321308,1.0382163230175145,1.1469363513320254,1.0333142629513212,0.6647071610030574,-0.9158740461990528,-0.9092975559683292,0.06434933214979846
2025-02-23,1.0338907797024095,bitcoin,0.10734181149931751,1.046932800455502,1.0459748596835894,1.007246792178785,1.1469363513320254,-0.9440484743838072,0.10252970288342494,0.10262360312195802,0.05847313778078481
2025-02-24,1.0191905184017864,bitcoin,-0.15868889399485253,1.0349254379033308,1.0440969946818388,1.0338907797024095,1.007246792178785,0.10734181149931751,-0.15333350099388915,-0.15198659015067717,0.05805758991911438
2025-02-25,0.7129578900040674,bitcoin,-2.0340106049793376,1.0260015162403544,1.0441232417840052,1.0191905184017864,1.0338907797024095,-0.15868889399485253,-1.9824616146485594,-1.9480541908537619,0.13343308501179973
2025-02-26,0.5489324502085458,bitcoin,-1.1762711521900817,1.0275818353220267,1.0431423197507292,0.7129578900040674,1.0191905184017864,-2.0340106049793376,-1.1446971589608723,-1.1276218041363337,0.2139946182625631
2025-02-27,0.24736047466757222,bitcoin,-2.169505354720142,0.9887257687785501,1.0165106094072742,0.5489324502085458,0.7129578900040674,-1.1762711521900817,-2.194241547035586,-2.1342652013440127,0.326636324946608
2025-02-28,0.2976071974434994,bitcoin,0.30667756521166356,0.9289241492541345,0.9855269759234696,0.24736047466757222,0.5489324502085458,-2.169505354720142,0.33014238602314233,0.3111809839028642,0.34093113389980245
2025-03-01,0.2810094001925224,bitcoin,-0.18576724238159292,0.8166450366421704,0.9237031879817392,0.2976071974434994,0.24736047466757222,0.30667756521166356,-0.22747583903721377,-0.20111118342711828,0.3406861148066489
2025-03-02,0.37810528921113196,bitcoin,0.6480362878000951,0.6953123003723808,0.8711225504139414,0.2810094001925224,0.2976071974434994,-0.18576724238159292,0.9320061725455762,0.7439085850591005,0.28427614932719397
2025-03-03,0.8908810029337458,bitcoin,3.6295526700691694,0.5915641015172005,0.8132447697102656,0.37810528921113196,0.2810094001925224,0.6480362878000951,6.135508434761234,4.463045250591672,0.24671539597978395
2025-03-04,0.38552450591333665,bitcoin,-3.385982182426557,0.4978804600184465,0.7619409881294005,0.8908810029337458,0.37810528921113196,3.6295526700691694,-6.80077981273114,-4.443884488816904,0.22518759881709352
2025-03-05,0.45918951911542966,bitcoin,0.46555961820543107,0.47955052923729785,0.7535661822796624,0.38552450591333665,0.8908810029337458,-3.385982182426557,0.9708229247978415,0.6178077139679014,0.21996637607001385
2025-03-06,0.6637262458623142,bitcoin,1.387034584843391,0.4327743315100506,0.7107500501443004,0.45918951911542966,0.38552450591333665,0.46555961820543107,3.2049760784740546,1.951505501907859,0.2218039358521541
2025-03-07,0.6262953627569342,bitcoin,-0.3203283423696169,0.4199539127824626,0.6744390310182985,0.6637262458623142,0.45918951911542966,1.387034584843391,-0.7627684130356812,-0.4749545217326015,0.2114454237802089
2025-03-08,0.42580870638621354,bitcoin,-1.4445061700000865,0.4794347372388543,0.6480398869405123,0.6262953627569342,0.6637262458623142,-0.3203283423696169,-3.0129296958946457,-2.2290355425254003,0.18936941133939228
2025-03-09,0.38665915630167474,bitcoin,-0.343899294153513,0.5263901894264879,0.6108512448994343,0.42580870638621354,0.6262953627569342,-1.4445061700000865,-0.6533150650340427,-0.5629827786097925,0.18812081978679546
2025-03-10,0.05178582076449728,bitcoin,-2.472867906294471,0.5470758045970151,0.5693199530571078,0.38665915630167474,0.42580870638621354,-0.343899294153513,-4.520147601790615,-4.343539251481617,0.20038070715066936
2025-03-11,-0.07039171670738638,bitcoin,-1.0017778341953325,0.5482977856099498,0.5230891228141982,0.05178582076449728,0.38665915630167474,-2.472867906294471,-1.8270655717045117,-1.91511517901699,0.27634515476420585
2025-03-12,0.17897981750887662,bitcoin,1.896706026995333,0.4284270453000572,0.45398878726867753,-0.07039171670738638,0.05178582076449728,-1.0017778341953325,4.427128540725996,4.177860560270348,0.2804044878097216
2025-03-13,0.24637488164952034,bitcoin,0.4399278437343005,0.36329615635423956,0.3980352439321451,0.17897981750887662,-0.07039171670738638,1.896706026995333,1.2109311510969847,1.1052456916694673,0.23695151612903348
2025-03-14,0.07338438238369693,bitcoin,-1.3420662049515988,0.3232661989818749,0.3716100558821687,0.24637488164952034,0.17897981750887662,0.4399278437343005,-4.1515693803095886,-3.6114808311223774,0.18160696460394515
2025-03-15,0.2518070026319194,bitcoin,1.2987061288193549,0.2636445755229043,0.3715396563808793,0.07338438238369693,0.24637488164952034,-1.3420662049515988,4.925954574597173,3.4954616850544773,0.15270690291539848
2025-03-16,0.27789096703089883,bitcoin,0.12808271028940385,0.18465729261244188,0.3555237410194649,0.2518070026319194,0.07338438238369693,1.2987061288193549,0.6936201373756984,0.36026384527312366,0.12955481103397312
2025-03-17,0.16727316462765301,bitcoin,-0.87647328934505,0.15979990636182842,0.3534378554794218,0.27789096703089883,0.2518070026319194,0.12808271028940385,-5.484782967128482,-2.479844181693489,0.12300347274197496
2025-03-18,0.2582448324046267,bitcoin,0.6178982609434426,0.14426159360886043,0.34627968960940514,0.16727316462765301,0.27789096703089883,-0.87647328934505,4.283149536454002,1.784385556238826,0.07236779750069947
2025-03-19,0.17779496132106765,bitcoin,-0.6572170967043378,0.16075978558931125,0.2945934154446842,0.2582448324046267,0.16727316462765301,0.6178982609434426,-4.088167983847145,-2.230921776681619,0.0724475318504056
2025-03-20,0.42842374505962333,bitcoin,1.8114476087539138,0.20770786403388455,0.2855020101940621,0.17779496132106765,0.2582448324046267,-0.6572170967043378,8.72108957496587,6.344758353064779,0.11108504170084453
2025-03-21,0.27038545855738505,bitcoin,-1.192219453685713,0.20753859886419754,0.26540239892303624,0.42842374505962333,0.17779496132106765,1.8114476087539138,-5.744539645495969,-4.492103185277752,0.08582995125378115
2025-03-22,0.25415613712618695,bitcoin,-0.18368958654018888,0.23354557935135514,0.24859507743712975,0.27038545855738505,0.42842374505962333,-1.192219453685713,-0.7865222734169882,-0.7389078236226161,0.08578945828994432
2025-03-23,0.24072700745088388,bitcoin,-0.16340955628879414,0.26168859023331054,0.22317294142287622,0.25415613712618695,0.27038545855738505,-0.18368958654018888,-0.6244404148560347,-0.7322071530706228,0.08579383530602716
2025-03-24,0.3645940056378322,bitcoin,0.8514946574594079,0.2620241808753488,0.2109120436185886,0.24072700745088388,0.25415613712618695,-0.16340955628879414,3.2496672824146735,4.037183489700313,0.0839040100265971
2025-03-25,0.4602406483976382,bitcoin,0.6263937638473545,0.2567150437924895,0.200488318700675,0.3645940056378322,0.24072700745088388,0.8514946574594079,2.440025775536201,3.12432486631641,0.10523207050229863
2025-03-26,0.4722183188127766,bitcoin,0.02060693296288392,0.2849037353653722,0.22283176047734174,0.4602406483976382,0.3645940056378322,0.6263937638473545,0.07232920483563335,0.09247712463257525,0.10056633484226345
2025-03-27,0.43745505596831874,bitcoin,-0.3104619240054183,0.31376028050723104,0.26073407227055784,0.4722183188127766,0.4602406483976382,0.02060693296288392,-0.9894845007756249,-1.1907179241435546,0.10170450577959754
2025-03-28,0.4540014578991681,bitcoin,0.05351591263828627,0.35582076014890374,0.28167967950655065,0.43745505596831874,0.4722183188127766,-0.3104619240054183,0.150400899079053,0.18998787113136642,0.09925799258036033
2025-03-29,0.27588976030568974,bitcoin,-1.3294730845904081,0.3571109474215745,0.2953282633864648,0.4540014578991681,0.43745505596831874,0.05351591263828627,-3.722846838896014,-4.501663903352083,0.09478257669467069
2025-03-30,0.17153093925668506,bitcoin,-0.8308155135547111,0.38334180447040067,0.3225151973518556,0.27588976030568974,0.4540014578991681,-1.3294730845904081,-2.1672912700226816,-2.576042754988569,0.11414387852831032
2025-03-31,0.15148320821388825,bitcoin,-0.2146001679428528,0.3864466077817582,0.32423539432855353,0.17153093925668506,0.27588976030568974,-0.8308155135547111,-0.5553150378512519,-0.6618632938700746,0.14271295033512993
2025-04-01,0.1612783211425348,bitcoin,0.009317250690418243,0.37656145518258693,0.31663824948753827,0.15148320821388825,0.17153093925668506,-0.2146001679428528,0.02474290934262289,0.029425444588747785,0.14752103078931872
2025-04-02,0.3304273973757802,bitcoin,1.2056970274813592,0.34611705555059497,0.31551039545798354,0.1612783211425348,0.15148320821388825,0.009317250690418243,3.4834849212456427,3.8214056444180673,0.12905799678018812
2025-04-03,0.1620440119051283,bitcoin,-1.2882923275469962,0.30340815165700874,0.3085842160821199,0.3304273973757802,0.1612783211425348,1.2056970274813592,-4.246056259381907,-4.174834892946262,0.11543958551199128
2025-04-04,0.2016415303751929,bitcoin,0.23290548273519487,0.2831523057374378,0.3194865329431708,0.1620440119051283,0.3304273973757802,-1.2882923275469962,0.8225419870293279,0.7289970929057291,0.0688676391997721
2025-04-05,0.24437265556317792,bitcoin,0.2539714944734319,0.2438078708712678,0.30045940914642116,0.2016415303751929,0.1620440119051283,0.23290548273519487,1.0416827474974446,0.8452744080158191,0.06456676788813229
2025-04-06,0.22846557949632315,bitcoin,-0.18190458050455366,0.207756452653557,0.29554912856197885,0.24437265556317792,0.2016415303751929,0.2539714944734319,-0.8755622394344913,-0.6154779271781202,0.0634814883456849
2025-04-07,-0.105945521494551,bitcoin,-2.542827021220313,0.20325400911891248,0.29485030845033533,0.22846557949632315,0.24437265556317792,-0.18190458050455366,-12.510525729442936,-8.624099498098806,0.13651865247689168
2025-04-08,-0.04583745881371816,bitcoin,0.41178334477698475,0.21138752915314654,0.29397449216786675,-0.105945521494551,0.22846557949632315,-2.542827021220313,1.9479928566921263,1.4007403873716353,0.16026857408751338
2025-04-09,-0.22285603457941658,bitcoin,-1.449507731927175,0.17461199633765517,0.26036452594412507,-0.04583745881371816,-0.105945521494551,0.41178334477698475,-8.30125914066678,-5.567202980006816,0.18768130440140746
2025-04-10,0.16799067828242428,bitcoin,3.1081305480676953,0.14502402777247617,0.22421608971474247,-0.22285603457941658,-0.04583745881371816,-1.449507731927175,21.43168386731092,13.862148295752021,0.1882013205427466
2025-04-11,-0.019934640583953642,bitcoin,-1.4735758113474362,0.06598353749316237,0.17456792161530008,0.16799067828242428,-0.22285603457941658,3.1081305480676953,-22.33213821495885,-8.441226523669405,0.18021284584408298
2025-04-12,0.2187397300109196,bitcoin,1.793425192934267,0.0668330612613475,0.15532046606630764,-0.019934640583953642,0.16799067828242428,-1.4735758113474362,26.833999895970233,11.546537889158497,0.17545119341032075
2025-04-13,0.33462024670211277,bitcoin,0.7960783994045213,0.035179322552898,0.1214678876032275,0.2187397300109196,-0.019934640583953642,1.793425192934267,22.628513374416002,6.553763808267303,0.19839843382283393
2025-04-14,0.2287720545017887,bitcoin,-0.8331364489925711,0.03151747604543252,0.1173857425821725,0.33462024670211277,0.2187397300109196,0.7960783994045213,-26.43327195742716,-7.097364069109958,0.19580085537591954
2025-04-15,0.28607433584411707,bitcoin,0.3602944520025812,0.046682428503402464,0.12903497882827447,0.2287720545017887,0.33462024670211277,-0.8331364489925711,7.717823295183249,2.7922014873237293,0.19634008255169094
2025-04-16,0.23222972071151132,bitcoin,-0.45905578804819264,0.09449922507430812,0.13455561070598165,0.28607433584411707,0.2287720545017887,0.3602944520025812,-4.857721637035515,-3.411618244838754,0.11314377417868986
2025-04-17,0.2601337554017555,bitcoin,0.1422873787189749,0.14191519573971317,0.14346961175609468,0.23222972071151132,0.28607433584411707,-0.45905578804819264,1.0026155082394015,0.9917527846111696,0.11321882538920534
2025-04-18,0.3113803660882234,bitcoin,0.3131358852577708,0.20692744649556002,0.1364554919943612,0.2601337554017555,0.23222972071151132,0.1422873787189749,1.5132568313389896,2.294767223465708,0.044630424354764275
2025-04-19,0.28050315972853745,bitcoin,-0.2896172061281488,0.22009074322689307,0.14346190224412028,0.3113803660882234,0.2601337554017555,0.3131358852577708,-1.3158930993135065,-2.018760262045504,0.0391737767570205
2025-04-20,0.32353812607064425,bitcoin,0.2514136247187126,0.2674214584657755,0.15130039050933672,0.28050315972853745,0.3113803660882234,-0.2896172061281488,0.9401365396200946,1.6616742507941327,0.03655801320714953
2025-04-21,0.3202155678597072,bitcoin,-0.08855291042655017,0.27624480556829234,0.15388114080686238,0.32353812607064425,0.28050315972853745,0.2514136247187126,-0.3205583890925667,-0.5754593090675351,0.03364935812763914
2025-04-22,0.4679616699289978,bitcoin,1.0116207271791189,0.27466164547808253,0.16067203699074248,0.3202155678597072,0.32353812607064425,-0.08855291042655017,3.683139093844649,6.296144929639972,0.07588375262636012
2025-04-23,0.8483146548674934,bitcoin,2.6302787119820175,0.28772500452921373,0.19111211480176094,0.4679616699289978,0.3202155678597072,1.0116207271791189,9.141609276108921,13.762941987054997,0.20796296101844003
2025-04-24,0.8501335578956952,bitcoin,-0.05232803464803967,0.3137089093984824,0.22781205256909778,0.8483146548674934,0.4679616699289978,2.6302787119820175,-0.1668038945546067,-0.22969726298789706,0.2552090138435815
2025-04-25,0.8667387064976354,bitcoin,0.04553653709732358,0.401721042849337,0.3043242446724485,0.8501335578956952,0.8483146548674934,-0.05232803464803967,0.11335334445265115,0.14963115250703402,0.27724595107152517
2025-04-26,0.9226538435113606,bitcoin,0.3046704326326386,0.48600672891989977,0.3530487360733964,0.8667387064976354,0.8501335578956952,0.04553653709732358,0.6268839248909397,0.8629674561470284,0.27350203505590726
2025-04-27,0.9146391570894074,bitcoin,-0.11676553592276037,0.5653436346926729,0.41638254657922424,0.9226538435113606,0.8667387064976354,0.3046704326326386,-0.20653868234945805,-0.28042783362128765,0.24289676270339675
2025-04-28,0.8627963529858096,bitcoin,-0.4037464426025727,0.6570794466616476,0.46666212611497,0.9146391570894074,0.9226538435113606,-0.11676553592276037,-0.6144551168031865,-0.8651775124463194,0.15766241402890938
2025-04-29,0.9386461492940751,bitcoin,0.4365784322818334,0.7415224510928996,0.508092048285491,0.8627963529858096,0.9146391570894074,-0.4037464426025727,0.5887587663456619,0.8592489776331785,0.03775091215106635
2025-04-30,0.8905596964724873,bitcoin,-0.37787605733516944,0.8190339918251999,0.5533794981772068,0.9386461492940751,0.8627963529858096,0.4365784322818334,-0.4613674154422654,-0.6828503327816292,0.03384582955185157
2025-05-01,0.8892799022977751,bitcoin,-0.07278320102205882,0.8862746317344967,0.5999917705664896,0.8905596964724873,0.9386461492940751,-0.37787605733516944,-0.08212253436283422,-0.12130679666913283,0.02853266896735924
2025-05-02,1.025369093033367,bitcoin,0.8303619396397349,0.8923096376780674,0.6470153402637021,0.8892799022977751,0.8905596964724873,-0.07278320102205882,0.9305749641184008,1.2833708949318148,0.05254616525325443
2025-05-03,1.0519897394737985,bitcoin,0.10667223424167374,0.89790197259265,0.6919543507562749,1.025369093033367,0.8892799022977751,0.8303619396397349,0.11880151586274738,0.15416057426983687,0.07239407557224138
2025-05-04,0.9940622032907077,bitcoin,-0.4349201284323672,0.9205634563834689,0.7429535455380709,1.0519897394737985,1.025369093033367,0.10667223424167374,-0.47244940364197324,-0.5853926475641715,0.07413535703746454
2025-05-05,0.8949234245357436,bitcoin,-0.7047053355957736,0.9390400129495314,0.7980597298055896,0.9940622032907077,1.0519897394737985,-0.4349201284323672,-0.7504521377424096,-0.8830221927690168,0.0685966444005885
2025-05-06,0.9217664348765743,bitcoin,0.11194131477225618,0.95038616240686,0.8459543067498798,0.8949234245357436,0.9940622032907077,-0.7047053355957736,0.11778496090873561,0.13232532957601437,0.06955632819553004
2025-05-07,1.0519253871448657,bitcoin,0.7866492356641974,0.9549757440568506,0.8870048679410253,0.9217664348765743,0.8949234245357436,0.11194131477225618,0.8237365365803793,0.8868591111919224,0.07226881818695878
2025-05-08,1.0626054830106026,bitcoin,0.003947969269192877,0.9525643562829219,0.9194194940087093,1.0519253871448657,0.9217664348765743,0.7866492356641974,0.004144565244949228,0.004293975710699657,0.06727809709062418
2025-05-09,1.4383415847678775,bitcoin,2.3348931115067373,0.9756165978075473,0.9339631177428073,1.0626054830106026,1.0519253871448657,0.003947969269192877,2.39324620297319,2.4999816022372223,0.17980653791475282
2025-05-10,1.4312777957010177,bitcoin,-0.10682937911337596,1.000377395052237,0.9491396838224435,1.4383415847678775,1.0626054830106026,2.3348931115067373,-0.10678897069523141,-0.11255378779376042,0.22792151826891302
2025-05-11,1.5348939516746478,bitcoin,0.5591251121147038,1.0593734653000244,0.9899684608417465,1.4312777957010177,1.4383415847678775,-0.10682937911337596,0.5277879828416995,0.56479026296356,0.26868477527251555
2025-05-12,1.495342873288354,bitcoin,-0.2985692881967204,1.1135574733324842,1.0262987431410078,1.5348939516746478,1.4312777957010177,0.5591251121147038,-0.2681217873572537,-0.29091821389620937,0.25391237478208345
2025-05-13,1.4259545703244314,bitcoin,-0.47776395381059134,1.190819151673047,1.0706026570399536,1.495342873288354,1.5348939516746478,-0.2985692881967204,-0.4012058018495532,-0.446256605485107,0.20286304640269384
2025-05-14,1.5071699058127508,bitcoin,0.4247384002493096,1.2765933586377058,1.1157845513472782,1.4259545703244314,1.495342873288354,-0.47776395381059134,0.3327121080987397,0.38066311195413,0.16042852139347322
2025-05-15,1.470522536344373,bitcoin,-0.2823049964002876,1.3486202351302568,1.1505922957065893,1.5071699058127508,1.4259545703244314,0.4247384002493096,-0.20932860097892583,-0.24535602410834637,0.042132681774713035
2025-05-16,1.4776292114969987,bitcoin,-0.021868294782399492,1.4136551663685262,1.1946358820880367,1.470522536344373,1.5071699058127508,-0.2823049964002876,-0.01546931658677365,-0.018305390625624387,0.03944373678194001
2025-05-17,1.4681381836171148,bitcoin,-0.12107087398893003,1.4719290311304931,1.236153213091365,1.4776292114969987,1.470522536344373,-0.021868294782399492,-0.08225314480196007,-0.09794156158409792,0.03437256732713429
2025-05-18,1.4467937337496621,bitcoin,-0.1920721053645065,1.4775415492346533,1.2684575072673387,1.4681381836171148,1.4776292114969987,-0.12107087398893003,-0.12999429726338319,-0.15142166989623543,0.027580169210200362
2025-05-20,1.5969104387377042,bitcoin,-0.20997777938199413,1.482807318936953,1.2981823961347185,1.4467937337496621,1.4681381836171148,-0.1920721053645065,-0.1416081746375218,-0.16174739255423645,0.05554168587657698
